Year,Movie_Title,New ROI,Genre1_Tag_Female,Genre1_Tag_Male,Genre2_Tag_Female,Genre2_Tag_Male,Genre3_Tag_Female,Genre3_Tag_Male,IMDB_Rating,#_of_Female_Cast,#_of_Male_Cast,#_of_Female_Dialogue,#_of_Male_Dialogue,#_of_Female_Crew,#_of_Male_Crew,Sentiment_Female,Sentiment_Male,Female_Male_Dialogues_Ratio,noun_count_male,noun_count_female,verb_count_male,verb_count_female,adjective_count_male,adjective_count_female,labels
1999,10 things i hate about you,2.342385375,0.099729545,0.114049976,0.127355717,0.130247457,0,0,6.9,5,7,295,374,11,26,0.027764407,0.026287433,2,2.441025641,2.080168776,2.584615385,2.61814346,0.615384615,0.580168776,1
1968,2001: a space odyssey,5.542857143,0.140717806,0.107436311,0.126418838,0.143353965,0.086335731,0.109145543,8.4,2,11,17,255,2,17,0.244723529,0.141933333,2,2.289915966,2.058823529,2.407563025,1.911764706,0.579831933,0.441176471,2
1982,48 hrs.,5.572375667,0.109943473,0.106252654,0.121080887,0.130146581,0.137316857,0.13876748,6.9,7,9,109,469,1,14,-0.026442202,0.002866098,2,2.313207547,2.479166667,2.562264151,2.875,0.586792453,0.645833333,0
1999,8mm,1.415467475,0.1395634,0.135962398,0.129552903,0.14426346,0.057487455,0.074767077,6.3,3,12,40,544,15,62,-0.09219,0.010540441,2,2.150579151,2.454545455,2.528957529,2.666666667,0.55984556,0.545454545,3
1988,a nightmare on elm street 4: the dream master,9.357142857,0.178377797,0.189375397,0.173641283,0.171361267,0.087689181,0.091099627,5.2,5,3,91,64,3,12,-0.064149451,-0.044042188,1,1.894736842,2.102941176,2.315789474,2.375,0.263157895,0.485294118,2
1997,air force one,2.707722459,0.088082839,0.118186338,0.093495305,0.09417815,0.063871678,0.06865092,6.3,5,18,87,281,32,68,0.033595402,0.013839146,2,2.371428571,2.159090909,2.625,2.068181818,0.585714286,0.454545455,2
1980,airplane!,22.84386829,0.098790625,0.111615487,0.11388216,0.135850382,0,0,7.8,8,12,84,152,4,26,0.09267381,0.065903289,2,2.161616162,2.562043796,2.04040404,2.591240876,0.444444444,0.591240876,2
1988,alien nation,1.009690438,0.135681723,0.139515225,0.10373458,0.097158344,0.120518387,0.108706059,6.1,3,10,30,287,10,27,0.13621,0.030714634,2,2.419928826,1.833333333,2.466192171,1.944444444,0.59430605,0.638888889,0
1986,aliens,8.908997568,0.106838092,0.113796437,0.106597073,0.108708877,0.064757194,0.079730335,8.5,3,10,174,185,7,31,-0.001855172,0.042548108,2,2.102661597,2.364583333,2.596958175,2.302083333,0.558935361,0.59375,2
1984,amadeus,1.8873905,0.076279835,0.090672972,0.091476927,0.107834082,0.127344707,0.146188135,8.4,4,24,160,847,6,22,0.039080625,0.122046399,2,2.185185185,2.206557377,2.472934473,2.344262295,0.53988604,0.603278689,3
1981,an american werewolf in london,2.1973249,0.130682175,0.152063431,0.11737062,0.12746549,0,0,7.5,6,9,153,425,3,12,0.014196078,-0.022654118,2,2.285245902,2.245421245,2.508196721,2.388278388,0.567213115,0.564102564,0
2001,american outlaws,-0.609173914,0.083267672,0.099348922,0.107635157,0.109893566,0,0,5.7,5,16,70,599,4,7,0.043877143,-0.00166611,2,2.30408472,0.875,2.650529501,1.375,0.537065053,0.25,3
2000,american psycho,3.895223429,0.076892531,0.083608309,0.051590781,0.057077007,0,0,7.4,8,9,163,515,22,37,0.071225767,0.035935922,2,2.221238938,0,2.364306785,0,0.474926254,0,3
2001,antitrust,-0.393479667,0.08785295,0.097164566,0.060449038,0.069172404,0,0,6,4,12,148,378,8,13,0.008882432,0.080747619,2,2.22265625,2.07037037,2.484375,2.574074074,0.5546875,0.611111111,0
1997,austin powers: international man of mystery,3.102059939,0.098560058,0.103990996,0.120694791,0.137917707,0.098357124,0.116580034,7.1,4,14,123,360,10,12,0.089025203,0.057425278,2,2.401785714,2.171428571,2.417410714,1.942857143,0.629464286,0.457142857,0
1984,bachelor party,5.405991167,0.121328491,0.119633083,0.164333953,0.145487733,0,0,5.9,7,14,101,379,1,11,0.123545545,0.088996042,2,2.482972136,1.974522293,2.523219814,2.006369427,0.637770898,0.382165605,0
1975,barry lyndon,0.818181818,0.131050699,0.120937123,0.178742581,0.169428937,0.163581073,0.157488206,8.1,5,17,35,303,2,12,0.184395161,0.179584058,2,2.337962963,1.901639344,2.449074074,2.352459016,0.574074074,0.524590164,0
2003,basic,-0.14414878,0.13324442,0.148209576,0.095641061,0.104583197,0.126627784,0.141127621,6.3,1,11,137,541,12,46,-0.029287591,-0.071266359,2,2.55624037,2.620689655,2.619414484,2.551724138,0.57164869,0.413793103,3
2003,big fish,0.7559865,0.134092621,0.134475214,0.104938053,0.108911351,0.16706666,0.167567328,8.1,5,6,121,286,44,93,0.082844628,0.080672378,2,2.074626866,2.28057554,2.447761194,2.431654676,0.503731343,0.467625899,0
1982,blade runner,0.183557786,0.08857549,0.081254272,0.108572794,0.092827652,0.062196035,0.060129043,8.3,8,10,135,359,10,27,0.010062222,0.047314206,2,2.313199105,2.361702128,2.371364653,2.489361702,0.541387025,0.404255319,0
1999,blast from the past,0.150372,0.101820247,0.101180201,0.085110627,0.087626288,0.1200694,0.120785793,6.4,5,16,357,623,3,17,0.059183193,0.105554093,2,2.256976744,2.258333333,2.472093023,2.2,0.606976744,0.491666667,3
1986,blue velvet,0.425204667,0.116771408,0.122284127,0.131269243,0.136799184,0.065264689,0.065393252,7.8,4,10,290,399,3,10,0.080155172,0.128209524,2,2.264423077,2.347985348,2.490384615,2.776556777,0.576923077,0.673992674,1
1995,braveheart,1.916666667,0.120866324,0.112802815,0.088186416,0.083404433,0.123096239,0.10158623,8.4,6,9,90,191,15,52,0.006224444,-0.049606806,2,2.449494949,2.855421687,2.429292929,3.518072289,0.646464646,0.698795181,2
1942,casablanca,10.91628702,0.087446953,0.094166445,0.116557066,0.121012649,0.136994807,0.133301703,8.8,4,11,144,690,2,31,0.050234028,0.11611058,2,2.239564428,2.250883392,2.537205082,2.636042403,0.55353902,0.61130742,3
2000,cast away,3.773690467,0.122324719,0.116976551,0.088705336,0.088091012,0,0,7.5,6,10,84,316,2,11,0.022361905,0.01931519,2,2.165333333,3.6,2.229333333,2.92,0.536,0.64,0
1974,dark star,-1,0,0.09667155,0,0.111835575,0,0.074018724,6.5,0,7,0,288,0,20,0,0.005317361,,2.739583333,0,2.802083333,0,0.638888889,0,0
2001,donnie darko,-0.788246333,0.112875539,0.106857602,0.143167493,0.141615505,0.099712032,0.113412916,8.3,7,12,147,355,11,24,0.00430068,0.010051268,2,2.295833333,2.136363636,2.59375,2.045454545,0.564583333,0.818181818,0
1999,drop dead gorgeous,0.0571408,0.130693827,0.124457256,0.117757637,0.110811219,0,0,6.3,10,10,245,61,1,5,0.096282041,0.029365574,1,2.585365854,2.21509434,1.87804878,2.716981132,0.585365854,0.505660377,2
1933,duck soup,#DIV/0!,0.136596963,0.103286879,0.118291923,0.090731772,0,0,8.1,3,5,22,299,1,18,0.061022727,0.003341137,,2.335548173,2.3,2.584717608,2.3,0.611295681,0.55,0
2004,eternal sunshine of the spotless mind,2.6129063,0.098321844,0.094832228,0.151250983,0.13168155,0.103377925,0.093977742,8.5,7,7,370,458,5,16,0.103739189,0.093765939,2,1.965909091,2.414110429,2.448863636,2.553680982,0.579545455,0.569018405,1
1993,even cowgirls get the blues,-1,0.126485056,0.140112864,0.118622487,0.116429308,0.164832843,0.171717822,4,2,5,77,74,6,16,0.020107792,0.083644595,,2.284090909,2.888888889,2.534090909,3.253968254,0.534090909,0.650793651,2
1997,event horizon,-0.555445967,0.123925222,0.128192855,0.123712536,0.129198819,0,0,6.4,2,8,132,469,9,50,0.034161364,-0.023192537,2,2.581920904,2.371428571,2.747645951,2.871428571,0.630885122,0.528571429,0
2005,fantastic four,2.30579719,0.109512406,0.107458078,0.106855177,0.111477427,0.13812842,0.152357657,5.7,4,7,116,334,23,112,0.012077586,0.071350898,2,2.205513784,2.019607843,2.285714286,2.745098039,0.428571429,0.490196078,0
1982,fast times at ridgemont high,5.02064,0.108900424,0.110098835,0.091623924,0.092794526,0.129778066,0.121364388,7.2,6,12,322,267,2,13,0.119392857,0.056505993,1,2.185676393,2.603773585,2.580901857,2.75,0.485411141,0.575471698,1
1998,fear and loathing in las vegas,-0.422687838,0.114604595,0.110043504,0.178799948,0.175593385,0,0,7.6,1,7,19,349,25,75,0.060842105,-0.081129513,2,2.006097561,1.75,2.240853659,2.05,0.56097561,0.525,0
1982,frances,#DIV/0!,0.073058247,0.075682298,0.098165771,0.105689045,0,0,7.2,8,21,432,297,3,11,0.055491435,0.06939697,,2.206030151,2.428301887,2.673366834,2.543396226,0.542713568,0.554716981,1
1931,frankenstein,1.4890288,0.118646361,0.107006881,0.156776929,0.149147235,0.113597109,0.121867775,8,6,6,124,217,3,12,0.069826613,0.030463594,2,1.833333333,2.602870813,2.318181818,2.832535885,0.606060606,0.674641148,2
2009,friday the 13th,107.6447291,0.125639043,0.13314581,0,0,0,0,5.6,5,7,98,135,6,16,0.016454082,0.07017037,2,2.18627451,2.259541985,2.058823529,2.519083969,0.568627451,0.465648855,2
1996,from dusk till dawn,0.359821895,0.100247318,0.095956674,0.123863364,0.130822002,0.144845017,0.143003894,7.1,3,9,53,395,28,89,0.088775472,-0.018119747,2,2.230569948,2.209677419,2.396373057,2.5,0.632124352,0.596774194,0
1997,g.i. jane,-0.03661688,0.114141566,0.129118953,0.101108271,0.105595502,0,0,5.6,6,11,281,217,5,11,0.024700712,0.009079724,1,2.234177215,2.644117647,2.417721519,2.558823529,0.639240506,0.635294118,1
1998,godzilla,1.915494569,0.095518622,0.097703676,0.145311864,0.126124724,0.105674961,0.103269658,4.9,3,9,104,201,26,96,0.041000962,0.055919403,2,2.396648045,3.111111111,2.586592179,3.03968254,0.597765363,0.619047619,2
1999,galaxy quest,1.015198133,0.102555493,0.105500724,0.116209824,0.118785156,0.099039997,0.103538955,7.2,3,11,130,444,9,37,-0.002583077,0.002166441,2,2.048498845,2.085106383,2.212471132,2.787234043,0.52886836,0.560283688,0
2001,ghost world,-1,0.126581755,0.112610375,0.10650539,0.097937105,0,0,7.7,11,8,724,261,8,13,0.023528867,0.10705364,,2.540540541,2.048298573,2.918918919,2.331503842,0.567567568,0.530186608,1
1989,ghostbusters ii,4.821479405,0.095384148,0.111452527,0.115160134,0.138400726,0.107944847,0.120426441,6.1,4,12,104,394,13,43,0.071724038,0.095407868,2,2.285234899,2.14,2.577181208,2.41,0.590604027,0.53,0
1986,ghostbusters,8.840415567,0.088504696,0.093661658,0.098882012,0.100840366,0.15762399,0.162364208,6.9,6,13,46,408,4,19,0.091606667,0.056734384,2,2.271777003,2.185628743,2.261324042,2.425149701,0.578397213,0.48502994,0
2000,gladiator,3.443110942,0.120810178,0.139660568,0.154895047,0.15077678,0.127059876,0.12094742,8.4,4,10,70,307,20,81,0.105327143,0.073837134,2,2.083815029,2.225806452,2.338150289,2.096774194,0.552023121,0.483870968,0
1932,grand hotel,2.705714286,0.096381273,0.10309338,0.125673457,0.126951464,0,0,7.7,5,14,237,595,0,7,0.085313502,0.07747395,2,2.22909699,2.209401709,2.525083612,2.431623932,0.591973244,0.679487179,3
1971,harold and maude,-1,0.119827353,0.093062152,0.148964121,0.11969962,0,0,8.1,5,7,205,325,0,10,0.169224878,0.093885231,,2.111578947,2.072727273,2.397894737,2.272727273,0.524210526,0.4,0
1988,hellbound: hellraiser ii,3.030245,0.105241221,0.112584595,0.151096333,0.175412548,0.078278367,0.08626297,6.2,6,3,76,40,17,70,0.040144737,0.02109,1,0,2.155172414,0,2.301724138,0,0.5,2
2004,hellboy,0.504833136,0.10540539,0.094896366,0.134340991,0.117517299,0.16115192,0.151506295,6.8,4,8,54,235,33,78,-0.02812037,-0.008114043,2,2.457142857,2.412280702,2.662857143,2.394736842,0.72,0.605263158,2
1987,hellraiser,13.564027,0.112876303,0.134716411,0,0,0,0,7,3,8,266,242,13,58,0.009861654,0.016986777,1,2.164021164,2.4169279,2.343915344,2.592476489,0.566137566,0.60815047,1
2000,high fidelity,0.5708765,0.117882904,0.122890425,0.101603793,0.098474881,0.150620043,0.155613934,7.6,5,9,244,580,2,12,0.070235656,0.036205517,2,2.328947368,2.288288288,2.442105263,2.522522523,0.623684211,0.608108108,3
1986,highlander,-0.63125,0.091936496,0.099412691,0.146044282,0.143990578,0,0,7.2,12,17,75,574,2,20,-0.003351835,0.021027146,2,2.295081967,2.293604651,2.426229508,2.630813953,0.603278689,0.558139535,3
1940,his girl friday,#DIV/0!,0.10089775,0.104888541,0.092910188,0.09797774,0.119429379,0.123432424,8.1,6,16,426,723,2,17,0.049428169,0.063472614,,2.283195021,2.286486486,2.340248963,2.475675676,0.550829876,0.6,3
1987,hope and glory,#DIV/0!,0.099370344,0.095807866,0.144505026,0.13533038,0,0,7.4,5,6,126,177,0,2,0.036197619,0.047082486,,1.807881773,2.34,2.167487685,2.86,0.571428571,0.75,2
2003,house of 1000 corpses,1.404220714,0.159605521,0.167139435,0,0,0,0,5.6,6,8,311,302,22,66,-0.022323151,0.084387417,1,2.066390041,2.196236559,2.248962656,2.516129032,0.477178423,0.602150538,1
2001,human nature,-0.882448667,0.124496371,0.123129605,0.105752172,0.111410311,0,0,6.3,5,5,286,268,4,11,0.125316434,0.17686903,1,2.403225806,2.414634146,2.774193548,2.75203252,0.64516129,0.62601626,1
2007,i am legend,2.902326733,0.082500065,0.059877056,0.115501131,0.086042088,0.055517458,0.047980175,7.1,3,2,44,53,4,19,0.072859091,0.074064151,2,2.041666667,2.205479452,1.625,2.438356164,0.25,0.698630137,2
1996,independence day,9.892923573,0.109672716,0.107898154,0.123013207,0.111371999,0.099459969,0.101413758,6.6,6,13,82,265,14,49,-0.00925,0.002012075,2,2.524229075,2.041666667,2.31277533,2.483333333,0.621145374,0.55,2
1989,indiana jones and the last crusade,8.878579292,0.08424971,0.090576674,0.124031586,0.13275338,0.070106241,0.069602075,8.3,1,8,37,381,7,39,0.012997297,0.06735748,2,2.340116279,2.391891892,2.720930233,3.243243243,0.604651163,0.716216216,0
1984,indiana jones and the temple of doom,10.89285714,0.092321436,0.09614156,0.139374408,0.135417529,0,0,7.5,3,5,146,218,5,23,0.002582192,0.017929817,2,2.278996865,2.577777778,2.445141066,2.555555556,0.507836991,0.622222222,2
2003,intolerable cruelty,0.999013583,0.103112255,0.095443065,0.139858209,0.130368096,0.123493076,0.117473085,6.4,9,9,311,369,12,34,0.093341158,0.035741463,2,2.681003584,2.119700748,2.831541219,2.431421446,0.663082437,0.511221945,1
1934,it happened one night,12.84615385,0.103322509,0.11731436,0.132016676,0.133790328,0,0,8.3,7,18,414,448,2,9,0.091455314,0.118464062,2,2.477876106,2.254716981,2.898230089,2.564465409,0.67699115,0.600628931,1
1991,jfk,4.13513745,0.106243056,0.101748893,0.125230513,0.111979995,0.166786328,0.159777544,8,9,25,118,622,14,55,-0.019023729,-0.066756752,2,2.158707865,1.642857143,2.403089888,1.464285714,0.508426966,0.392857143,3
1997,jackie brown,2.306096833,0.123156484,0.125321913,0.092989176,0.089283978,0.069969096,0.071427763,7.6,5,8,440,774,3,6,0.028995909,-0.01075155,2,2.26,2.289156627,2.583636364,2.527108434,0.614545455,0.519578313,3
2001,jason x,0.541072545,0.131431881,0.134278444,0.092169281,0.106859309,0,0,4.4,4,10,73,431,0,9,-0.044016438,-0.045849884,2,2.249370277,2.411214953,2.556675063,2.289719626,0.591939547,0.794392523,0
1975,jaws,66.23628571,0.054800082,0.075118211,0,0,0,0,8.3,4,8,48,365,6,22,0.114520833,-0.000198082,2,2.341902314,2.083333333,2.475578406,2.583333333,0.642673522,0.833333333,0
2007,juno,29.85487787,0.132227299,0.131558758,0.115037373,0.109980232,0,0,7.9,8,8,468,205,25,47,0.115934829,0.126830244,1,2,2.491869919,2.187845304,2.762195122,0.574585635,0.634146341,1
1995,kids,3.941477333,0.100576307,0.113737323,0.098804272,0.10226483,0,0,6.8,10,10,209,323,2,8,0.058927273,0.039716718,2,2.587044534,2.4,2.599190283,2.575438596,0.526315789,0.561403509,0
1983,krull,-0.388168148,0.153602036,0.157102224,0.093437389,0.113433464,0.126213182,0.141550925,5.9,5,9,82,399,2,13,0.011609756,0.019243108,2,2.431707317,1.873239437,2.504878049,2.38028169,0.592682927,0.394366197,0
2001,legally blonde,6.876371056,0.105822534,0.105110566,0,0,0,0,6.2,6,13,314,204,12,12,0.084227389,0.022433824,1,2.120567376,2.24933687,2.283687943,2.652519894,0.475177305,0.546419098,1
1985,legend,-0.37991552,0.18258804,0.181017138,0.144506911,0.16190467,0.16052538,0.163861186,6.2,3,10,131,646,1,10,0.08269281,0.051352404,2,2.312741313,0,2.514800515,0,0.603603604,0,3
2000,little nicky,-1,0.168541309,0.170026428,0.109359175,0.117149472,0.136448808,0.13840185,5,5,14,96,343,0,9,0.112226042,0.011619534,,2.328530259,2.554347826,2.602305476,2.652173913,0.567723343,0.836956522,0
1997,lost highway,-0.7549866,0.084755227,0.07972822,0.123738089,0.12393955,0.129662637,0.111025865,7.6,6,17,128,362,24,50,-0.033977344,0.045838398,2,2.398457584,2.287128713,2.33933162,2.02970297,0.632390746,0.376237624,0
1937,lost horizon,-1,0.129517148,0.136930296,0.100160934,0.102280647,0.16533415,0.170507427,7.8,6,6,72,582,3,9,0.034058333,0.09813866,,2.379844961,2.111111111,2.640310078,2.333333333,0.531782946,0,3
1997,men in black,5.548783767,0.0832457,0.104021131,0.112228024,0.115936279,0.101756255,0.10263658,7,3,11,44,363,29,93,0.012236364,0.030088705,2,2.518918919,2.432432432,2.721621622,2.297297297,0.686486486,0.432432432,0
2002,minority report,2.513460059,0.105893611,0.101385249,0.123881642,0.132307709,0.128369343,0.137806399,7.7,7,13,137,546,36,120,-0.031280292,0.008356777,2,2.255136986,2.464646465,2.419520548,2.414141414,0.494863014,0.575757576,3
1992,malcolm x,0.416762,0.078505125,0.07942739,0.099774193,0.099426984,0.124310309,0.132799173,7.7,11,15,115,431,1,16,0.063182609,0.027946868,2,2.447368421,2.331325301,2.539473684,2.331325301,0.605263158,0.584337349,0
1955,marty,7.746355685,0.098830825,0.110307108,0.151692912,0.146256257,0,0,7.7,8,9,154,308,2,20,0.058568699,0.061634259,2,2.075221239,2.11440678,2.716814159,2.457627119,0.672566372,0.538135593,0
1941,meet john doe,#DIV/0!,0.109085367,0.119004394,0.09109301,0.093554794,0.118449547,0.122753499,7.7,6,12,165,347,4,11,0.11587697,0.093151585,,2.236734694,2.445692884,2.379591837,2.524344569,0.636734694,0.509363296,0
1927,metropolis,-0.992977521,0.087377396,0.104324896,0.068612523,0.082224319,0.073848422,0.10198979,8.4,5,6,64,209,7,27,0.012796875,0.013589952,2,2.163934426,2.022222222,2.420765027,1.988888889,0.475409836,0.444444444,2
2001,monkeybone,-0.927873107,0.111111271,0.117368415,0.126095477,0.137223446,0.168266246,0.192338121,4.5,4,9,84,220,8,23,0.125371429,0.020064545,2,1.880952381,2.352941176,2.083333333,2.301470588,0.446428571,0.639705882,2
1939,mr. smith goes to washington,#DIV/0!,0.097670114,0.093187354,0,0,0,0,8.4,6,16,287,655,5,25,0.118074913,0.11432916,,2.377777778,2.142857143,2.498888889,2.357142857,0.595555556,0.285714286,3
1936,mr. deeds goes to town,#VALUE!,0.109790928,0.114595006,0.128105126,0.130904337,0,0,8,7,24,188,610,4,14,0.118259043,0.131770492,,2.469348659,2.293478261,2.637931034,2.557971014,0.634099617,0.605072464,3
1999,mystery men,#DIV/0!,0.095449418,0.090790635,0.109948083,0.110600387,0.156877235,0.154949501,5.9,5,8,84,345,1,12,0.047895238,0.013983478,,2.165789474,2.306122449,2.394736842,2.734693878,0.581578947,0.612244898,0
2000,next friday,#VALUE!,0.089407288,0.113480725,0,0,0,0,5.4,6,10,75,398,1,7,-0.001324,0.013492462,,2.477647059,2.020833333,2.444705882,1.75,0.583529412,0.354166667,0
1995,nick of time,-0.562323368,0.106434791,0.115134059,0.087962277,0.081394934,0.058438322,0.057579974,6.2,4,7,85,293,1,9,0.114112941,0.00748942,2,2.380434783,2.225490196,2.655797101,2.254901961,0.52173913,0.5,0
1984,a nightmare on elm street,4.438848,0.158948834,0.169490885,0,0,0,0,7.4,3,6,160,103,3,12,0.027564375,-0.035043689,1,2.393939394,2.030612245,2.545454545,2.193877551,0.56969697,0.418367347,2
1939,ninotchka,0.00073237,0.100280596,0.099506829,0.131995047,0.136140231,0,0,7.9,5,14,450,565,0,13,0.142552889,0.15964531,2,2.23253012,2.194594595,2.453012048,2.497297297,0.592771084,0.545945946,1
2007,no country for old men,13.16917389,0.105558641,0.116350478,0.086210808,0.082247851,0.113806358,0.125139955,8.3,3,15,79,521,10,31,-0.001726582,0.031557006,2,2.158102767,2.265957447,2.270750988,2.563829787,0.486166008,0.542553191,0
2000,"o brother, where art thou?",0.66959707,0.108157494,0.13011586,0.107775487,0.121082543,0.113189067,0.12317265,7.8,2,13,26,290,11,22,0.02915,0.042810345,2,2.208494208,1.929824561,2.563706564,1.877192982,0.652509653,0.438596491,0
1982,an officer and a gentleman,5.864,0.104785613,0.106708102,0.138751275,0.143448957,0,0,6.8,5,6,159,340,2,14,0.10447673,0.050526176,2,2.283333333,2.108108108,2.454166667,2.884169884,0.55,0.621621622,0
2002,panic room,1.764166423,0.06252404,0.076875678,0,0,0,0,6.9,3,5,154,190,17,50,-0.01995,-0.036598421,2,2.074766355,2.138461538,2.551401869,2.146153846,0.602803738,0.4,2
1998,pleasantville,#DIV/0!,0.10101328,0.101776606,0.08328258,0.08784724,0.151621477,0.151851452,7.5,3,12,205,461,8,32,0.100650732,0.101143167,,2.435661765,1.893442623,2.575367647,2.336065574,0.582720588,0.647540984,0
2002,punch-drunk love,3.091612813,0.10719484,0.093204315,0.085087495,0.072047298,0.116527075,0.102373099,7.4,10,8,314,451,4,11,0.100343631,0.085438359,2,2.447042641,1.894736842,2.559834938,2.578947368,0.613480055,0.421052632,1
1980,raging bull,#DIV/0!,0.051878555,0.060051451,0.096188237,0.098142566,0.147722847,0.153586835,8.4,4,8,105,345,14,36,-0.027110476,-0.009087826,,2.490291262,3.210526316,2.703883495,2.289473684,0.587378641,0.736842105,0
1954,rear window,-0.32,0.138338488,0.134887743,0.155182086,0.145350986,0.143950683,0.130649081,8.7,4,6,207,394,1,15,0.038955072,0.017682487,2,2.039933444,0,2.226289517,0,0.480865225,0,0
1955,rebel without a cause,0.277777778,0.099902105,0.092679425,0.129829743,0.112048946,0,0,7.9,3,12,139,466,2,11,0.056614388,0.027737339,2,2.278210117,2.395604396,2.480544747,2.538461538,0.542801556,0.505494505,0
1992,reservoir dogs,35.764313,0.121725733,0.148378528,0.149953875,0.141364795,0.084134658,0.085063971,8.4,1,12,21,444,16,47,-0.053504762,-0.105677252,2,2.183486239,1.862068966,2.589449541,1.689655172,0.559633028,0.344827586,0
2001,scary movie 2,-1,0.112522627,0.116443497,0,0,0,0,4.7,6,9,233,237,34,93,0.0663,0.11903038,,2.215686275,1.879069767,2.278431373,2.404651163,0.454901961,0.51627907,2
1994,serial mom,11.21750583,0.133559308,0.132055406,0.069398084,0.079782369,0,0,6.4,7,11,182,148,1,5,-0.070821429,0.013073649,1,2.52,2.174193548,2.868571429,2.464516129,0.582857143,0.503225806,2
1989,"sex, lies, and videotape",2.138237289,0.082277294,0.087764468,0,0,0,0,7.1,5,4,485,393,3,6,0.058455464,0.015090585,1,2.555555556,2.23803681,2.412698413,2.420858896,0.714285714,0.534969325,1
1981,shock treatment,-0.398408615,0.109576339,0.11235374,0.097853201,0.102066798,0,0,5.4,9,14,103,203,0,3,0.069752427,0.08970197,2,2.259259259,2.298611111,2.62345679,2.680555556,0.598765432,0.5625,2
2004,sideways,-1,0.123899192,0.128036805,0.102443417,0.103330841,0.14512,0.152712865,7.8,7,5,168,655,14,14,0.10867381,0.098048397,,2.427018634,1.837988827,2.498447205,2.418994413,0.551242236,0.553072626,3
2002,signs,#DIV/0!,0.097430913,0.084501391,0.161136143,0.124450547,0.094117588,0.093858753,6.9,2,5,31,233,18,70,0.03093871,0.007699571,,2.197580645,1.25,2.387096774,2.625,0.552419355,0.25,2
2006,slither,5.843893938,0.131013883,0.109940122,0.146329871,0.136277164,0.1103391,0.095139702,6.6,6,5,105,90,1,12,0.031019048,-0.012848889,1,2.376,2.414285714,2.256,2.671428571,0.552,0.571428571,2
2002,solaris,4.670109958,0.093912157,0.08614445,0.137632072,0.129211694,0.121074688,0.108783836,6.2,1,4,102,264,15,40,-0.037364706,0.0099375,2,2.24863388,0,2.428961749,0,0.543715847,0,2
2002,spider-man,#DIV/0!,0.106159858,0.098013357,0.132867468,0.126273559,0.17927022,0.163830943,7.4,5,13,108,303,36,90,-0.034967879,0.055337398,,2.19047619,2.18018018,2.55026455,2.310810811,0.529100529,0.608108108,0
1953,stalag 17,-0.361643447,0.03795024,0.090282215,0.094232468,0.130791385,0,0,8.2,2,14,12,540,0,16,0.073891667,0.006730741,2,2.104562738,1.653846154,2.300380228,2,0.623574144,0.538461538,0
1984,star trek iii: the search for spock,4.911572309,0.118674822,0.115330795,0.12339562,0.11823761,0.137639312,0.113066386,6.5,4,16,87,352,1,11,0.079157471,0.056725,2,1.906605923,0,2.410022779,0,0.546697039,0,0
1998,star trek: insurrection,-1,0.114884265,0.129327905,0.139882144,0.127665179,0.120963667,0.121218468,6.3,6,13,74,401,4,16,0.064547297,0.01679202,,2.161953728,2.546511628,2.287917738,2.430232558,0.570694087,0.639534884,0
1996,star trek: first contact,3.833333333,0.115700063,0.116887286,0.116167111,0.117272878,0.120790654,0.123610695,7.6,7,9,112,311,3,15,0.03069375,-0.019379421,2,2.463190184,2.288659794,2.733128834,2.309278351,0.699386503,0.515463918,0
1991,star trek vi: the undiscovered country,0.685714286,0.120201614,0.116672574,0.144443277,0.12804106,0.105216545,0.117637603,7.2,3,14,46,470,1,13,0.017595652,-0.000206809,2,2.414728682,0,2.668604651,0,0.606589147,0,0
2002,star trek: nemesis,2.260869565,0.122136119,0.111010199,0.115895737,0.111709853,0.070467407,0.059565438,6.4,5,10,66,513,4,15,0.03719697,0.043789864,2,2.173913043,2.03125,2.482401656,1.989583333,0.554865424,0.510416667,0
1984,starman,2.588888889,0.111494458,0.108391512,0.081467027,0.076603725,0.10309392,0.103935301,6.9,1,14,215,410,11,23,0.049971163,0.023815854,2,2.463519313,2.206632653,2.673819742,2.43877551,0.583690987,0.602040816,0
1995,strange days,0.121880433,0.092235406,0.110052766,0.134758718,0.14507558,0.10222034,0.112123329,7.1,2,9,165,364,6,11,0.00851697,0.016590659,2,2.347188264,3.166666667,2.613691932,3.025,0.567237164,0.758333333,0
1996,swingers,0.306561636,0.120911972,0.121765701,0.09179093,0.10128771,0,0,7.6,9,6,116,701,2,12,0.086410345,0.039284023,2,2.234939759,2.359477124,2.376506024,2.732026144,0.56626506,0.62745098,3
1976,taxi driver,-0.810493071,0.095111108,0.102462771,0.071912369,0.081028521,0,0,8.6,4,9,164,341,12,34,0.081859146,0.053816716,2,2.156626506,2.135693215,2.457831325,2.587020649,0.469879518,0.563421829,0
2000,thirteen days,21.52961,0.089595459,0.102060338,0.142582815,0.14160486,0.059671427,0.072861671,7.3,8,6,109,179,6,30,0.005454128,-0.003267598,2,2.318471338,2.175572519,2.127388535,2.328244275,0.624203822,0.519083969,2
1986,top gun,20.74044154,0.111903682,0.104986169,0.095368239,0.091890711,0.101297853,0.106126484,6.5,2,14,127,507,9,29,0.051440157,0.017035503,2,2.051948052,2.164658635,2.179220779,2.626506024,0.498701299,0.518072289,0
1990,total recall,-0.567915675,0.086423959,0.089338084,0.11341673,0.121118538,0.102048896,0.094409452,7.4,4,13,104,365,3,21,-0.031150962,0.007870685,2,2.04743083,2.597222222,2.596837945,2.587962963,0.577075099,0.773148148,0
1990,tremors,22.78870673,0.09663292,0.112822636,0.097115512,0.118258944,0.131468774,0.148910162,7.1,5,5,62,302,6,20,0.077859677,-0.083128477,2,2.060200669,2.076923077,2.076923077,2.569230769,0.581939799,0.692307692,0
1992,twin peaks: fire walk with me,3.020275708,0.095827475,0.091149632,0.137247465,0.134522259,0.13871584,0.141644534,7,11,19,257,338,34,93,0.023261479,0.023970118,2,2.339901478,2.243386243,2.475369458,2.439153439,0.573891626,0.576719577,1
1994,new nightmare,3.415636364,0.173360321,0.19151829,0.158826402,0.186077495,0.138936456,0.160880354,6.3,4,9,162,128,9,28,0.043599383,0.014314844,1,2.380368098,2.212598425,2.417177914,2.322834646,0.693251534,0.488188976,2
1990,wild at heart,-0.5839149,0.141352405,0.127167983,0.168471817,0.14507501,0.081184102,0.071181017,7.2,6,16,365,455,2,12,0.002070137,0.038424176,2,2.593360996,2.31433506,2.522821577,2.405872193,0.601659751,0.597582038,1
1985,agnes of god,0.292155786,0.082443478,0.123447598,0.12917878,0.16905961,0.04842569,0.085819597,6.5,7,3,836,18,7,16,0.013886124,-0.056833333,1,2.181818182,2.277644231,1.818181818,2.396634615,0.227272727,0.552884615,1
1979,alien,0.532657579,0.129010384,0.115057709,0.14469583,0.129579589,0.129664271,0.105670244,8.5,1,6,64,573,3,27,-0.01091875,0.010676963,2,2.331240188,0,2.610675039,0,0.590266876,0,3
1950,all about eve,#DIV/0!,0.114246806,0.12580902,0,0,0,0,8.5,6,6,782,405,5,20,0.101537852,0.100605432,,2.621621622,2.422939068,2.610492846,2.629032258,0.613672496,0.612903226,1
1999,american pie,8.539254636,0.119789667,0.125626864,0.144366419,0.140390187,0,0,6.9,7,12,173,462,22,64,0.173624277,0.067835931,2,2.278455285,2.41958042,2.784552846,2.538461538,0.579268293,0.608391608,0
1997,an american werewolf in paris,-0.954669286,0.165107005,0.171008493,0.134447244,0.149046042,0.083324848,0.087240365,4.9,3,8,100,275,2,10,-0.063185,-0.062236364,2,1.835962145,1.965517241,2.094637224,2.413793103,0.460567823,0.482758621,2
1997,anastasia,20.40754582,0.081182861,0.083774495,0.117663175,0.12287603,0.094035034,0.101469356,6.6,4,6,108,151,23,40,0.005655556,0.071154305,2,2.366336634,2.183544304,2.306930693,2.234177215,0.554455446,0.639240506,2
1977,annie hall,0.207748318,0.125580715,0.136065403,0.101506132,0.1082387,0.14274813,0.146924232,8.3,11,13,440,611,10,34,0.137295,0.08583437,2,2.155532359,2.333333333,2.451983299,2.440860215,0.535490605,0.494623656,3
1998,antz,1.637817887,0.105933713,0.107882538,0.140194946,0.146756995,0.128563655,0.122836431,6.8,4,6,147,173,13,53,-0.004788435,0.099220809,2,1.921348315,2.238095238,2.314606742,2.333333333,0.393258427,0.489177489,2
1979,apocalypse now,8.56285625,0.1283498,0.098228612,0.195835853,0.145171031,0,0,8.6,3,19,44,550,5,44,-0.031636364,-0.019418364,2,2.135435993,2.363636364,2.415584416,2.654545455,0.552875696,0.8,3
1997,as good as it gets,1.86263105,0.105554745,0.107930323,0.096378644,0.100378,0.128196031,0.127655096,7.8,8,7,212,360,10,25,0.040003302,0.090868056,2,2.206008584,2.383480826,2.30472103,2.584070796,0.587982833,0.625368732,0
1995,assassins,1.840012095,0.075546732,0.091384349,0.063985773,0.05923829,0.097719239,0.108521936,6,3,7,219,378,21,50,0.015619178,0.023582275,2,2.155440415,2.321782178,2.481865285,2.301980198,0.575129534,0.51980198,0
2002,a walk to remember,5.28356022,0.093037721,0.088589561,0.116386823,0.114394896,0,0,7.1,3,6,196,320,5,9,0.056593878,0.072968438,2,2.404761905,1.992307692,2.587301587,2.228205128,0.555555556,0.515384615,0
1985,back to the future,-0.39393856,0.106537281,0.115429272,0.123775835,0.124997478,0.090311161,0.117168044,8.4,4,8,43,281,7,33,0.043311628,0.056942705,2,2.322222222,1.518518519,2.407407407,1.888888889,0.533333333,0.351851852,2
1973,badlands,2.747915364,0.091029503,0.109484638,0.070679604,0.084641061,0.090872037,0.101293305,7.9,4,8,107,203,2,11,0.075229907,0.091636453,2,2.071428571,2.443396226,2.183673469,2.698113208,0.530612245,0.650943396,2
1991,barton fink,19.05840853,0.079265161,0.105857927,0.105907755,0.142661862,0.047466308,0.076161309,7.8,3,9,49,461,4,12,0.082708163,0.078167245,2,2.198156682,2.25,2.352534562,2.302631579,0.569124424,0.355263158,0
1992,basic instinct,#DIV/0!,0.141419053,0.132621514,0.134527365,0.125165728,0.080790494,0.072391375,6.9,3,8,192,380,5,15,0.021723438,-0.050875789,,2.470588235,2.673913043,2.642156863,2.684782609,0.730392157,0.652173913,0
1996,basquiat,-0.316229,0.050064146,0.079430183,0.074054987,0.090702851,0,0,6.7,4,19,58,356,5,22,0.08202069,0.080739045,2,2.066176471,2.5,2.299019608,2.333333333,0.544117647,0.666666667,0
1992,batman returns,6.202596408,0.098341269,0.109787588,0.120037695,0.139982563,0.174968672,0.174294948,6.9,1,8,46,212,3,13,-0.004369565,0.039864623,2,2.04,2.5,2.484,2.5,0.532,0.625,2
1995,batman forever,0.016591207,0.106114596,0.106517903,0.143208645,0.131090504,0.193931273,0.170728602,5.4,1,9,65,273,27,72,-0.001372308,0.02011685,2,2.565749235,2.181818182,2.648318043,2.909090909,0.669724771,0.363636364,2
1989,batman,2.5,0.13212397,0.134662128,0.086453987,0.102981019,0.069968316,0.076258259,7.6,2,13,104,214,1,11,-0.012439423,0.053666822,2,2.68707483,2.166666667,2.853741497,2.458333333,0.707482993,0.416666667,2
1996,beavis and butt-head do america,2.36529144,0.088029376,0.113987631,0.107108416,0.119782734,0.114235529,0.133421842,6.6,1,8,16,276,12,32,0.12643125,-0.03997971,2,2.27739726,0,2.479452055,0,0.636986301,0,2
1979,being there,10.7528264,0.110994861,0.085256295,0.111573773,0.094805874,0,0,8,8,20,210,537,0,10,0.204337143,0.223922346,2,2.256737589,2.714285714,2.490780142,3.19047619,0.587234043,0.880952381,3
1999,being john malkovich,-1,0.117183978,0.121120424,0.100570918,0.106614097,0.175506928,0.17568886,7.9,8,11,266,367,4,19,0.109195113,0.123128883,,2.117948718,2.208333333,2.408547009,2.5,0.531623932,0.708333333,1
1998/I,beloved,#DIV/0!,0.092346153,0.091525904,0.136390301,0.134237705,0,0,5.6,5,6,138,165,2,8,0.060295652,0.064354545,,2.594202899,2.324786325,2.304347826,2.551282051,0.623188406,0.61965812,2
2002,blade ii,0.758738154,0.103541196,0.118884956,0.154447458,0.171934012,0.154965042,0.152579338,6.6,1,9,42,167,49,118,-0.104297619,-0.051282036,2,2.162679426,0,2.5215311,0,0.540669856,0,2
1998,blade,#DIV/0!,0.116677985,0.114876644,0.114890215,0.131142277,0.146480482,0.157863676,7,4,5,112,163,25,122,-0.002714286,-0.009362577,,2.101382488,2.120689655,2.350230415,1.810344828,0.668202765,0.568965517,2
2001,blow,1.870556148,0.061761282,0.064677099,0.122853736,0.126003791,0.087409348,0.08860657,7.4,6,16,132,559,11,28,0.079996212,0.089706261,2,2.062913907,2.494252874,2.158940397,2.574712644,0.534768212,0.586206897,3
1966,la battaglia di algeri,1.915189556,0.1134031,0.088530911,0.133031732,0.142734025,0.169920814,0.137317995,8.2,4,12,21,111,18,12,0.090980952,0.04478018,2,1.893939394,0,2.174242424,0,0.598484848,0,2
1993,body of evidence,0.571364075,0.085918345,0.089493492,0.123379474,0.117437559,0.056889035,0.055222977,4.1,6,13,220,516,6,24,0.007808182,-0.005989922,2,2.31911967,3.666666667,2.565337001,4.555555556,0.636863824,0.666666667,3
1996,bound,0.151935,0.119436194,0.112663597,0.082322942,0.088387953,0.052787768,0.061801058,7.5,2,5,360,219,10,5,0.027506667,-0.063511872,1,2.460567823,2.477099237,2.627760252,2.671755725,0.574132492,0.519083969,1
1985,brazil,-0.557546833,0.080754738,0.078189956,0.13436228,0.13318547,0.091452504,0.090404398,8,8,12,129,496,4,26,0.009510078,0.058012298,2,2.035989717,2.652542373,2.254498715,2.834745763,0.503856041,0.601694915,0
1987,broadcast news,0.558070444,0.104433863,0.110138828,0.098958146,0.103483431,0.120135173,0.119629658,7.1,5,11,250,473,10,26,0.0973456,0.086730233,2,2.589569161,2.407801418,2.725623583,2.244680851,0.673469388,0.54964539,0
1959,a bucket of blood,-1,0.099342791,0.105328095,0.134537099,0.127932411,0,0,6.8,3,9,107,357,0,8,0.153740187,0.062771429,,2.450199203,1.774647887,2.613545817,2.004694836,0.633466135,0.436619718,0
1992,buffy the vampire slayer,1.5624702,0.143063434,0.147517026,0.119612346,0.109782664,0.092220306,0.10523975,5.3,7,12,367,288,2,4,0.090656676,0.033439931,1,1.971962617,2.288321168,2.158878505,2.447080292,0.560747664,0.560218978,1
1995,casino,-1,0.049097394,0.060347376,0.100778314,0.121534647,0.079753147,0.089488543,8.1,9,35,330,1200,3,7,0.056869091,0.028041583,,2.253499222,2.139344262,2.437013997,2.676229508,0.531881804,0.606557377,3
2004,catwoman,1.374922286,0.119861197,0.121121508,0.144664125,0.157260393,0.201814229,0.199802775,3.2,2,11,22,331,42,120,0.062071171,0.062406612,2,2.182130584,2.080645161,2.257731959,2.451612903,0.481099656,0.596774194,0
2004,cellular,1.232930288,0.102560004,0.117423257,0.127973675,0.129508498,0.068739144,0.075625078,6.5,4,9,33,680,5,33,0.014079747,0.001455252,2,1.955947137,2.220164609,2.04845815,2.33127572,0.515418502,0.58436214,3
1963,charade,-0.17897621,0.073368957,0.090586755,0.122718449,0.132621423,0.113909226,0.112982432,8,2,13,30,839,6,21,0.104573333,0.028230751,2,2.426229508,2.666666667,2.638173302,1.666666667,0.649882904,0.8,3
2000,cherry falls,1.25690748,0.126330967,0.130656196,0.118691762,0.128858358,0.057382933,0.057658831,4.8,9,14,258,211,4,13,-0.011394574,-0.012222749,1,2.293269231,2.279693487,2.322115385,2.505747126,0.509615385,0.551724138,1
1974,chinatown,2.368647,0.108761543,0.12491097,0.069790226,0.086544771,0.117336616,0.128839363,8.5,8,18,194,669,5,11,0.02974433,0.03064006,2,2.121818182,2.549520767,2.429090909,2.402555911,0.565454545,0.546325879,3
1941,citizen kane,#DIV/0!,0.096093675,0.093816748,0.137236153,0.139171275,0,0,8.6,4,17,340,335,5,30,0.048078824,0.072909851,,2.185714286,2.334177215,2.15,2.574683544,0.528571429,0.587341772,1
1993,cliffhanger,4,0.099784516,0.116595129,0.107906365,0.131284084,0.061277672,0.080524401,6.2,5,8,144,325,7,22,0.048915972,-0.002044308,2,2.411899314,3.21875,2.709382151,3.71875,0.553775744,0.9375,0
1971,a clockwork orange,26.64907404,0.134491613,0.155875991,0.12550847,0.112968328,0.10689589,0.112929131,8.5,7,13,78,366,3,10,0.0197,0.074914208,2,2.394009217,3.7,2.470046083,3.8,0.580645161,1,0
2004,collateral,2.642860157,0.144875266,0.12248918,0.106213957,0.096156137,0.085745571,0.070115012,7.8,4,10,80,498,33,109,-0.0276825,-0.021135341,2,2.214622642,2.24025974,2.481132075,2.38961039,0.533018868,0.590909091,0
1997,conspiracy theory,11.08590909,0.075058494,0.10946919,0.116174328,0.13775259,0.134750218,0.151190755,6.5,0,10,0,516,3,14,-0.008061009,0.005468121,2,2.68957346,2.85106383,2.803317536,2.819148936,0.710900474,0.606382979,0
1997,contact,2.350219862,0.096059563,0.115244771,0.14383992,0.162296386,0.133390328,0.144424044,7.4,3,12,279,263,44,128,0.080580645,0.046676426,1,2.14516129,2.220095694,2.10483871,2.325358852,0.370967742,0.578947368,1
1967,cool hand luke,0.826437787,0.113312914,0.117333002,0.09125486,0.096829456,0,0,8.3,3,9,46,267,1,27,-0.032713043,0.07411985,2,2.353790614,2.194444444,2.599277978,2.138888889,0.657039711,0.638888889,2
1995,copycat,0.901336989,0.157727667,0.154779589,0.141865303,0.14837409,0.073801554,0.080613415,6.5,4,10,351,207,3,18,-0.022749288,0.000950242,1,2.19047619,2.632603406,2.462585034,2.610705596,0.421768707,0.652068127,1
2004/I,crash,4.405924333,0.166271791,0.157181919,0.103562163,0.104961018,0,0,8,2,3,29,115,3,12,0.061620313,-0.05309,2,1.902439024,2.349514563,2.268292683,2.582524272,0.463414634,0.533980583,2
1999,cruel intentions,#DIV/0!,0.096318507,0.100354766,0.129410268,0.128940017,0.060531865,0.067279701,6.7,8,6,435,373,1,9,0.056870115,0.064257641,,2.408163265,2.457746479,2.785714286,2.474647887,0.591836735,0.616901408,1
1998,dark city,-1,0.155225099,0.131098499,0.132061462,0.097339413,0.065030284,0.060140665,7.8,4,8,30,187,16,49,0.053753333,0.036103743,,2.086124402,2.125,2.449760766,3.5,0.511961722,0.5,2
1993,dave,6.228781714,0.108937322,0.092664367,0.1237754,0.099928569,0,0,6.8,2,7,73,430,4,22,0.036982192,0.068319302,2,2.677932406,0,2.642147117,0,0.624254473,0,0
1985,day of the dead,0.007419111,0.154692652,0.157856407,0.100770156,0.119073889,0,0,7,5,9,75,132,1,7,-0.081842667,-0.096406818,2,2.228346457,2.075,2.354330709,2.35,0.606299213,0.5875,2
1989,dead poets society,#DIV/0!,0.085078039,0.102914774,0,0,0,0,7.8,2,13,49,442,1,10,0.118606122,0.05706267,,2.325635104,1.413793103,2.750577367,1.948275862,0.637413395,0.465517241,0
1993,demolition man,8.714285714,0.089592084,0.103662255,0.136918492,0.135247319,0.095287616,0.103230896,6.3,4,8,25,278,25,99,0.091024,-0.016614388,2,2.461538462,1.470588235,2.916083916,1.588235294,0.646853147,0.352941176,2
1988,die hard,13.38171439,0.081006127,0.103676768,0.090458356,0.14766637,0.087040505,0.070982926,8.3,1,10,7,257,10,65,0.110242857,0.012508171,2,2.390151515,0,2.621212121,0,0.659090909,0,2
1975,dog day afternoon,1.79045207,0.137909718,0.126834356,0.104340315,0.095742372,0,0,8.2,7,12,70,556,5,25,0.007757143,0.009626978,2,2.331081081,1.794117647,2.287162162,3.147058824,0.581081081,0.647058824,3
2005,domino,4.027427,0.10530497,0.100854638,0.150406166,0.129291455,0.114007998,0.109792134,5.9,11,6,137,105,10,19,-0.034654745,-0.04796,1,2.84,2.330985915,2.9,2.704225352,0.68,0.591549296,2
1989,do the right thing,24.92547556,0.088458086,0.091272701,0,0,0,0,7.9,3,14,78,438,2,15,-0.004328205,-0.02261621,2,2.284753363,2.242857143,2.455156951,2.628571429,0.522421525,0.485714286,0
1984,dune,-0.54110996,0.114949391,0.110248874,0.115396647,0.130248774,0.122074464,0.118669979,6.5,2,11,48,160,17,29,-0.007777083,0.0472375,2,2.623376623,2.314814815,2.987012987,2.388888889,0.681818182,0.592592593,2
1994,ed wood,4.737760769,0.072225214,0.083411269,0.128593368,0.150598626,0.112997819,0.131304768,8.1,8,14,153,619,13,39,0.090830719,0.065092084,2,2.424,2.503401361,2.5408,2.56462585,0.6448,0.632653061,3
1999,edtv,-0.22685775,0.107162382,0.10736885,0,0,0,0,6.1,9,10,186,441,0,12,0.040827957,0.063889796,2,2.415300546,2.128205128,2.632058288,2.448717949,0.64298725,0.474358974,0
1999,election,-0.672919056,0.092018008,0.109038734,0.074395603,0.09445982,0,0,7.4,7,8,149,229,5,13,0.087518792,0.154137991,2,2.326347305,2.5,2.574850299,2.25,0.607784431,0.75,2
1997,l.a. confidential,-1,0.14727509,0.155352243,0.11263266,0.105903177,0.152112894,0.136618247,8.4,3,18,78,579,19,76,0.083125641,-0.010602418,,2.286149163,0,2.414003044,0,0.537290715,0,3
1998,enemy of the state,#DIV/0!,0.091397832,0.084757646,0.07840119,0.076902588,0.052907079,0.052637269,7.2,7,28,69,809,2,16,0.019527536,0.009348578,,2.365116279,2.222222222,2.459302326,3.444444444,0.574418605,1,3
2000,erin brockovich,2.606198286,0.067211831,0.065007384,0.096563334,0.092855107,0.121467485,0.1223187,7.2,11,11,437,296,33,65,0.022190389,0.04484223,1,2.002985075,2.226130653,2.349253731,2.527638191,0.629850746,0.600502513,1
1971,escape from the planet of the apes,1.784998178,0.125355516,0.139136026,0.043320995,0.054737453,0,0,6.1,3,4,16,34,2,12,0.10978125,0.049861765,2,1.658536585,2,2.43902439,2,0.609756098,0.888888889,2
1996,escape from l.a.,3.928293962,0.08947912,0.108263164,0.122081004,0.115859615,0.082637101,0.094362064,5.3,4,8,41,208,7,26,-0.00517561,-0.028386538,2,2.424369748,2.363636364,2.697478992,1.454545455,0.714285714,0.272727273,2
1997,face/off,3.939562,0.095027274,0.110743428,0.128121898,0.138533214,0.089935339,0.099816201,7.3,5,10,93,254,9,45,-0.001607527,0.021094882,2,2.089337176,0,2.524495677,0,0.564841499,0,2
1966,fantastic voyage,-0.1544527,0.117112638,0.116621566,0.120767154,0.117226634,0,0,6.8,2,8,48,354,3,13,0.116675,-0.003003107,2,2.144736842,2.275510204,2.470394737,2.785714286,0.532894737,0.632653061,0
1996,fargo,2.070951825,0.118916996,0.114172482,0.079153304,0.085010413,0.055798991,0.059050658,8.3,4,21,188,520,5,7,0.079174468,0.062434038,2,2.27833002,2.2,2.628230616,2.27804878,0.580516899,0.6,3
1999,fight club,1.346041056,0.125487481,0.119275766,0.08744004,0.09194012,0.1230491,0.125774312,8.8,7,10,133,646,24,83,-0.004815038,-0.014150464,2,2.11481976,2.866666667,2.316421896,3.033333333,0.536715621,0.533333333,3
2003,final destination 2,7.658853571,0.167884994,0.145119757,0.084084297,0.081176082,0,0,6.4,7,9,151,104,25,63,-0.064953642,-0.074376923,1,1.433333333,2.297777778,2.666666667,2.426666667,0.366666667,0.546666667,2
2000,final destination,0.600853222,0.126647844,0.138932909,0.072404253,0.068106361,0,0,6.8,2,5,44,95,18,54,-0.008618182,-0.07618,2,2.26618705,0,2.438848921,0,0.496402878,0,2
1985,rambo: first blood part ii,2.477938654,0.097781252,0.106036127,0.137165577,0.126990456,0.083621732,0.082082149,5.8,1,8,25,256,4,22,-0.0499,0.004269141,2,2.372294372,2.16,2.54978355,2.4,0.58008658,0.62,2
1970,five easy pieces,1.317491913,0.098927785,0.091139599,0,0,0,0,7.5,6,8,224,284,2,7,0.104770089,0.054404577,2,2.382536383,1.740740741,2.638253638,1.962962963,0.673596674,0.37037037,1
1985,fletch,5.827282545,0.105636026,0.10098899,0.119577333,0.125127312,0.1307072,0.128666758,6.7,7,15,85,634,0,8,0.067722981,0.041418996,2,2.532467532,2.038461538,2.434343434,3.615384615,0.607503608,0.576923077,3
1982,friday the 13th part iii,#DIV/0!,0.120533498,0.132464945,0,0,0,0,5.1,4,5,90,104,1,10,0.020293333,0.017210577,,2.353448276,2.91025641,2.086206897,2.756410256,0.482758621,0.858974359,2
1989,friday the 13th part viii: jason takes manhattan,6.451611,0.120760425,0.134686191,0,0,0,0,3.9,6,5,130,98,1,6,0.054776154,-0.026495918,1,2.12195122,2.457142857,2.674796748,3.076190476,0.593495935,0.714285714,2
1997,gattaca,8.17251675,0.0870529,0.090001028,0.10400992,0.109112647,0.097538034,0.099765216,7.8,3,13,91,289,10,31,-0.085189011,-0.008377509,2,2.396039604,1.896103896,2.673267327,2.077922078,0.587458746,0.402597403,0
2000,get carter,1.8,0.081212401,0.092490284,0.105192702,0.111512717,0.081693225,0.084063899,4.8,7,11,142,328,1,9,-0.007017606,0.045412195,2,2.315789474,2.711538462,2.38277512,3.442307692,0.564593301,0.923076923,0
1992,glengarry glen ross,-0.651867306,0,0.072246733,0,0,0,0,7.9,0,7,0,929,12,28,0,-0.007383638,2,2.146393972,0,2.46393972,0,0.57911733,0,3
2000,gone in sixty seconds,-0.694764261,0.084047815,0.088045749,0.11383582,0.108698302,0.073947304,0.069495964,6,3,13,84,567,9,25,-0.03792619,0.014034921,2,2.261136713,0,2.551459293,0,0.568356375,0,3
1990,goodfellas,-0.14198176,0.136241894,0.127655012,0.091017634,0.097968342,0.062974981,0.073704549,8.8,3,12,65,228,15,52,-0.043973846,-0.058457456,2,2.041198502,2.461538462,2.27340824,3.269230769,0.524344569,1.038461538,2
1997,good will hunting,1.6355811,0.094654906,0.095730539,0,0,0,0,8.1,4,14,125,754,12,53,0.072732,0.048167241,2,2.235119048,2.526570048,2.392857143,2.560386473,0.547619048,0.632850242,3
1997,grosse pointe blank,0.87345576,0.105807975,0.107449164,0.114963946,0.124530734,0.121296164,0.125224373,7.4,6,13,113,322,1,9,0.063323009,0.032740683,2,2.435483871,1.941176471,2.758064516,2.454545455,0.713709677,0.524064171,0
1995,hackers,21.5933435,0.092864897,0.091689632,0.112183158,0.134604265,0.07984694,0.096848203,5.8,2,16,88,332,4,25,0.016625,0.020399096,2,2.08,2.668965517,2.610909091,2.420689655,0.621818182,0.648275862,0
1978,halloween,#DIV/0!,0.146133465,0.139883936,0.073959208,0.072675978,0,0,7.9,6,7,205,114,4,13,-0.014003902,-0.013831579,,2.065789474,2.386831276,2.25,2.530864198,0.565789474,0.711934156,2
1986,hannah and her sisters,-0.6218136,0.119472553,0.116930545,0.10050917,0.105538961,0.137868037,0.136744564,7.9,8,10,655,425,4,8,0.117064122,0.107146118,1,2.432735426,2.488958991,2.605381166,2.697160883,0.567264574,0.626182965,1
2001,hannibal,232.3333333,0.130910127,0.12619279,0.046415378,0.050805763,0,0,6.4,6,16,264,403,16,52,0.053109091,0.080935236,2,2.473584906,1.832116788,2.586792453,2.072992701,0.639622642,0.452554745,1
1989,heathers,5.263131406,0.139984334,0.144635389,0.136822735,0.145861635,0,0,7.3,7,8,263,162,2,9,0.024767681,-0.038169136,1,2.485507246,2.214765101,2.717391304,2.355704698,0.532608696,0.624161074,2
1994,heavenly creatures,3.042439862,0.115662749,0.105929381,0.09798711,0.107168704,0.150790265,0.166323616,7.6,3,1,186,21,1,9,0.030767742,0.193747619,1,3.609756098,2.331325301,2.87804878,2.28313253,0.829268293,0.518072289,2
1992/I,hero,#DIV/0!,0.127524622,0.137693616,0.120773817,0.120829312,0,0,6.3,4,11,116,273,2,5,0.065225,0.026142491,,2.697674419,2.155555556,2.819767442,2.866666667,0.622093023,0.777777778,2
1999,house on haunted hill,-0.390173,0.139616459,0.144749727,0.136062688,0.143869748,0.076503927,0.073252662,5.3,5,6,167,309,0,2,-0.050148503,-0.011334951,2,2.203655352,2.956989247,2.425587467,2.892473118,0.566579634,0.903225806,0
1992,hellraiser iii: hell on earth,-1,0.148399989,0.172936876,0,0,0,0,5.1,4,5,166,77,1,18,0.095333133,0.17014026,,1.867924528,2.01459854,2.41509434,2.452554745,0.613207547,0.489051095,2
1991,hudson hawk,-1,0.10151191,0.108211406,0.149766592,0.14122495,0.133051366,0.137038538,5.4,4,8,103,287,1,11,0.038580583,-0.002080488,,2.35546875,2.052238806,2.390625,2.574626866,0.578125,0.537313433,0
1943,i walked with a zombie,1.5069922,0.148745749,0.176327865,0,0,0,0,7.3,3,6,161,136,2,14,0.081996894,0.001489706,1,2.659090909,2.339920949,2.568181818,2.375494071,0.886363636,0.577075099,2
2002/I,insomnia,-0.735106462,0.124138005,0.123419382,0.090639976,0.092837633,0.139114197,0.130425936,7.3,5,5,81,203,3,17,0.062290123,0.013587192,2,2.461538462,1.90070922,2.629370629,2.056737589,0.671328671,0.503546099,2
1998,i still know what you did last summer,#DIV/0!,0.131310281,0.147608183,0.119934812,0.143884463,0.060617622,0.085086463,4.1,4,8,227,136,21,57,0.06682467,-0.008038971,,1.6625,1.922261484,2,2.272084806,0.45,0.505300353,2
1945,isle of the dead,#DIV/0!,0.123944343,0.127199075,0.164927507,0.173037183,0.169005788,0.172072604,6.6,2,6,80,205,1,6,-0.02110625,-0.055622439,,2.010869565,1.891089109,2.315217391,2.366336634,0.505434783,0.485148515,2
1978,jaws 2,-0.384582892,0.055638449,0.066625408,0,0,0,0,5.6,7,18,150,502,2,21,0.018054,0.003755378,2,2.511035654,2.587301587,2.619694397,2.396825397,0.665534805,0.650793651,0
1983,jaws 3-d,#DIV/0!,0.060181917,0.069746726,0,0,0,0,3.3,4,12,209,338,1,16,0.010655502,0.038579586,,2.265822785,2.411311054,2.702531646,2.36503856,0.493670886,0.511568123,0
1987,jaws: the revenge,8.39420035,0.058414283,0.072033141,0,0,0,0,2.6,5,6,234,396,2,16,0.025223077,0.007736364,2,2.288732394,2.338150289,2.61971831,2.612716763,0.665492958,0.537572254,0
1996,jerry maguire,3.292051463,0.111167479,0.114670997,0.108601025,0.104922729,0.134778014,0.135178909,7.3,6,9,179,394,1,8,0.098752514,0.089327919,2,2.296928328,2.007142857,2.467576792,2.135714286,0.515358362,0.510714286,0
2001,jurassic park iii,1.255696217,0.085753412,0.094427675,0.095789646,0.127319299,0.111345709,0.113510403,5.7,2,4,74,212,24,93,0.167636486,0.057981132,2,2.215827338,1.945578231,2.345323741,2.068027211,0.525179856,0.489795918,2
1993,jurassic park,4.47105184,0.088375358,0.107092466,0.10959179,0.129045761,0.113559603,0.122625267,7.9,3,10,155,384,30,88,0.030770968,0.059570312,2,2.222929936,2.16,2.420382166,2.128888889,0.5,0.475555556,0
2003,freddy vs. jason,2.965385043,0.1526803,0.165725498,0.082715686,0.092365028,0,0,5.8,4,4,178,46,29,125,-0.067717416,0.004345652,1,3.076923077,2.406015038,2.461538462,2.639097744,0.538461538,0.496240602,2
2005,king kong,13.6047619,0.149563906,0.150798489,0.090714629,0.111286932,0.133532644,0.139399002,7.6,2,5,44,99,2,20,0.006075,0.054420202,2,2.461538462,2.294871795,2.830769231,2.346153846,0.861538462,0.679487179,2
1971,klute,2.830294333,0.141712656,0.140395962,0.125039063,0.105077021,0.063141057,0.059052101,7.2,6,7,191,271,3,10,0.060481152,-0.014398893,2,1.960629921,2.343283582,2.307086614,2.558208955,0.433070866,0.585074627,2
1979,kramer vs. kramer,13.88095238,0.092940395,0.096095298,0,0,0,0,7.7,7,10,106,485,9,24,0.054516552,0.060399103,2,2.300970874,2.474860335,2.451456311,2.541899441,0.587378641,0.69273743,0
1989,leviathan,-1,0.090478529,0.117118207,0.097165825,0.133143635,0.093290472,0.131452077,5.3,2,8,55,278,9,21,0.076096364,-0.033465827,,2.42042042,0,2.582582583,0,0.567567568,0,2
1998,"lock, stock and two smoking barrels",12.2825,0.119609108,0.131622771,0.061337142,0.070545731,0,0,8.2,4,19,61,352,3,9,0.137055738,-0.001519886,2,2.196185286,2.760869565,2.337874659,2.326086957,0.547683924,0.434782609,0
1996,lone star,-0.37181544,0.10560422,0.100695877,0.129043948,0.13079471,0.132955144,0.130028348,7.6,13,25,268,616,5,19,0.062966418,-0.002493669,2,2.157618214,2.006389776,2.50262697,2.236421725,0.583187391,0.476038339,3
2003,lost in translation,1.887088148,0.099947919,0.074402124,0.13682431,0.114913688,0,0,7.9,5,4,154,174,17,30,0.101470779,0.095162069,2,2.188191882,2.473684211,2.509225092,2.666666667,0.553505535,0.666666667,2
1999,magnolia,1.6539926,0.083214511,0.089423842,0,0,0,0,8,14,22,344,770,8,36,-0.025936047,0.029094026,2,2.435643564,2.352941176,2.506188119,2.486928105,0.618811881,0.598039216,3
1986,manhunter,28.930964,0.112021106,0.124471061,0.052538801,0.061693797,0,0,7.2,6,16,106,568,3,21,0.048861321,0.016265493,2,2.080495356,2.714285714,2.320433437,3.5,0.50619195,0.535714286,3
1999,man on the moon,0.309508189,0.044475218,0.074977072,0.117996393,0.148007229,0.087352162,0.118490599,7.4,3,14,37,318,6,13,0.046562162,0.044073899,2,2.321637427,2.153846154,2.698830409,2.153846154,0.51754386,0.615384615,0
1998,meet joe black,-0.4252714,0.098171509,0.087141357,0.152044921,0.148759446,0.132137328,0.127458836,6.9,7,7,298,796,26,57,0.122851007,0.106215829,2,2.350620068,2.439613527,2.431792559,2.594202899,0.576099211,0.608695652,3
2000,memento,-0.421531341,0.117811728,0.123386276,0.075583927,0.082090311,0.13126839,0.136201532,8.7,3,7,91,372,8,13,0.011984615,-0.018347043,2,2.424778761,0,2.652654867,0,0.601769912,0,0
1969,midnight cowboy,0.588223333,0.110611849,0.102990367,0,0,0,0,8,3,7,31,220,1,12,0.079722581,0.005468636,2,1.991836735,2,1.951020408,2,0.448979592,0.666666667,2
1978,midnight express,3.413677333,0.057630773,0.059972201,0.12485489,0.108273168,0.089684376,0.080412504,7.6,5,7,56,207,6,15,-0.080235714,-0.036436715,2,2.333333333,1.886792453,2.523809524,2.773584906,0.561904762,0.58490566,2
1990,misery,11.4402925,0.087313142,0.080371562,0,0,0,0,7.8,4,3,199,197,3,26,0.159954774,0.089077665,1,2.383838384,2.474747475,2.525252525,2.323232323,0.626262626,0.703703704,2
2000,mission: impossible ii,14.2173913,0.103154526,0.110208512,0.11908824,0.117593223,0.080302694,0.076149578,5.7,2,9,109,347,27,96,0.024349541,0.019489625,2,2.294382022,2.636363636,2.759550562,2.181818182,0.617977528,0.636363636,0
1996,mission: impossible,2.0638436,0.09232046,0.102225954,0.095962005,0.111592772,0.054252779,0.06191414,6.9,3,11,94,345,28,63,0.002253191,0.020581449,2,2.389880952,1.86407767,2.574404762,2.126213592,0.550595238,0.621359223,0
1987,moonstruck,3.37110484,0.096105775,0.098628949,0.138429495,0.141140694,0.086528005,0.08602542,7.1,7,12,338,333,2,16,-0.002367456,0.043122523,1,2.200757576,2.314496315,2.541666667,2.461916462,0.590909091,0.631449631,1
1975,monty python and the holy grail,4.721204488,0.119183608,0.110300107,0.092114479,0.085316351,0,0,8.4,4,24,31,474,1,15,-0.050254839,0.052309705,2,2.206751055,1.322580645,2.459915612,1.774193548,0.575949367,0.129032258,0
2001,mulholland dr.,#DIV/0!,0.090140821,0.092855624,0.135092054,0.137168626,0.0611266,0.069442533,8,7,15,204,145,2,10,0.028426961,0.122888966,,2.54,2.165829146,2.686666667,2.286432161,0.66,0.472361809,2
1991,my girl,11.57237,0.108476476,0.11851502,0.088641358,0.09009365,0.145559636,0.139872472,6.4,5,7,369,281,5,8,0.070773171,0.103784342,1,2.24852071,1.923076923,2.477317554,2.587412587,0.546351085,0.538461538,1
1975,nashville,#DIV/0!,0.081647817,0.086981124,0.121683747,0.134407139,0,0,7.7,10,14,207,323,6,14,0.074210145,0.10094582,,2.509090909,2.282352941,2.603636364,2.494117647,0.585454545,0.694117647,0
1994,natural born killers,-1,0.072687999,0.109411127,0.105047973,0.137059923,0.077675362,0.111774517,7.1,4,11,56,356,4,16,0.094916071,0.010238202,,2.330218069,2.923076923,2.507788162,3.32967033,0.489096573,0.648351648,0
1999,never been kissed,-1,0.118342801,0.136299066,0.101480002,0.121220086,0.139781493,0.162090927,5.7,7,7,292,174,3,6,0.105177397,0.076324713,,2.265625,2.150887574,2.53125,2.346153846,0.5859375,0.517751479,1
1987,a nightmare on elm street 3: dream warriors,0.478904882,0.173638867,0.166013342,0.144590038,0.155216812,0.069550761,0.078414639,6.3,5,8,179,160,2,11,0.026407263,-0.011806875,1,2.383838384,2.233333333,2.727272727,2.320833333,0.585858586,0.575,2
1999,notting hill,2.3826092,0.109901122,0.113250514,0.126911613,0.132463231,0,0,6.9,7,10,225,433,1,10,0.086789778,0.089591455,2,2.148148148,2.608247423,2.325925926,2.675257732,0.559259259,0.634020619,0
1954,on the waterfront,7.9586444,0.121142183,0.127186481,0.089929743,0.091151443,0.121464546,0.122549832,8.4,3,16,135,487,0,11,0.04729037,0.112794456,2,2.326647564,2.476190476,2.504297994,2.545787546,0.561604585,0.626373626,0
1998,out of sight,7.664039952,0.106152618,0.123045865,0.128380198,0.13418855,0.115646242,0.132003715,7.2,5,14,317,675,2,10,0.023687066,0.030724593,2,2.307788945,2.43877551,2.388190955,2.596938776,0.541457286,0.581632653,3
2001,pearl harbor,9.549450549,0.103890505,0.109338097,0.102154231,0.100348755,0.12635922,0.126124945,5.4,7,14,79,253,27,87,0.014939241,0.021420158,2,2.235849057,3.158333333,2.5,3.308333333,0.528301887,0.825,2
1986,peggy sue got married,0.619699333,0.126280547,0.132542236,0.109432115,0.119391592,0.174672061,0.191622628,6.3,9,6,452,266,1,7,0.07144115,0.133006015,1,2.169398907,2.227272727,2.396174863,2.403409091,0.595628415,0.596590909,1
1993,philadelphia,2.208721036,0.098752111,0.085919383,0,0,0,0,7.6,6,11,66,480,8,28,-0.007925758,0.092191042,2,2.187258687,7.107142857,2.540540541,4.642857143,0.569498069,2.392857143,0
2000,pitch black,1.299046722,0.100531437,0.106803632,0.087982113,0.100298663,0.069852415,0.079062365,7,3,6,169,273,29,76,-0.057250296,0.00949011,2,2.60483871,2.336477987,3.008064516,2.544025157,0.677419355,0.650943396,2
2001,planet of the apes,6.949170769,0.111944305,0.118884667,0.125122406,0.128220613,0.129089331,0.128567002,5.5,1,11,88,328,9,29,0.050378409,0.000970427,2,2.319711538,0,2.543269231,0,0.576923077,0,0
1986,platoon,1.312506913,0.109791872,0.101108905,0.115790169,0.112608237,0.166403256,0.154566425,8.2,2,11,39,189,4,30,-0.132579487,-0.191979894,2,2.548543689,2.318181818,2.834951456,3.590909091,0.621359223,0.454545455,2
1991,point break,4.757832069,0.12865066,0.113640406,0.150617574,0.12756997,0.139824754,0.131844147,6.9,1,6,29,266,3,10,0.001175862,0.025784586,2,2.623430962,2.410714286,2.891213389,2.375,0.694560669,0.535714286,2
1987,predator,22.0884275,0,0.126685459,0,0.140993381,0,0.099969646,7.8,0,6,0,105,14,52,0,-0.007654286,2,1.752380952,0,2.095238095,0,0.342857143,0,2
1990,pretty woman,2.48049825,0.112653818,0.100970258,0.12740431,0.121459764,0,0,6.7,3,9,285,349,2,8,0.104571228,0.080864756,2,2.092057762,2.175,2.384476534,2.675,0.601083032,0.4875,1
1960,psycho,4.457530444,0.08895045,0.098884375,0.120994226,0.13755748,0.136326098,0.149519036,8.7,5,9,111,467,2,20,0.007241379,-0.001898133,2,2.5,2.35326087,2.438095238,2.328804348,0.552380952,0.551630435,0
1980,maniac,32.07142857,0.105315429,0.094906914,0.129048852,0.13945071,0.085107475,0.068783439,6.2,2,9,20,96,0,10,0.04101,0.035085417,2,1.711111111,2.153846154,2.155555556,3.307692308,0.466666667,0.346153846,2
1976,rocky,38.65559119,0.088053764,0.103255541,0.111820275,0.135088847,0.140668829,0.14780104,8.1,5,16,120,542,6,25,0.0401625,0.068284133,2,2.693693694,2.422018349,2.650900901,2.532110092,0.666666667,0.669724771,3
1988,who framed roger rabbit,-1,0.097957444,0.11878723,0.122656164,0.14675007,0.111942635,0.133859225,7.6,2,9,53,304,3,19,0.027643396,0.039898684,,2.511450382,2.726315789,2.828244275,2.8,0.618320611,0.6,0
1968/I,romeo and juliet,116.235147,0.139483706,0.13662732,0.221975052,0.198107831,0,0,7.8,7,7,126,180,7,24,0.15725,0.065300556,2,2.102362205,2.541899441,2.401574803,2.642458101,0.598425197,0.525139665,2
1998,ronin,3.711485114,0.113660596,0.110975246,0.137547428,0.13138893,0.075283093,0.073218166,7.2,2,12,73,481,23,52,-0.012139726,0.009440956,2,2.420047733,2.525925926,2.560859189,2.755555556,0.589498807,0.666666667,0
2001,rush hour 2,#DIV/0!,0.095955877,0.097543661,0.101977982,0.110245394,0.142024026,0.130284849,6.5,4,9,61,466,1,9,0.060116393,-0.024999571,,2.308793456,2.657894737,2.54396728,2.657894737,0.570552147,0.684210526,0
1998,rush hour,-0.243438473,0.1001652,0.094674799,0.084604453,0.10928616,0.061178107,0.06166449,6.8,4,7,51,274,2,15,-0.020294118,-0.001923358,2,2.286153846,0,2.215384615,0,0.646153846,0,2
1993,sleepless in seattle,2.859175578,0.114625302,0.102808408,0.147621191,0.128646641,0.103751303,0.089436506,6.6,10,9,290,345,8,19,0.094527931,0.07214029,2,2.382022472,2.529891304,2.460674157,2.625,0.621722846,0.66576087,1
1954,salt of the earth,6.405662545,0.105719934,0.102500986,0.127712614,0.126335647,0,0,7.6,5,9,96,171,0,11,-0.001765625,0.005770175,2,1.941176471,3.042424242,2.754901961,3,0.529411765,0.757575758,2
1998,saving private ryan,9.847613524,0,0.110094463,0,0.102459932,0,0.139024431,8.5,0,9,0,483,25,87,0,-0.01134824,2,2.136645963,0,2.513457557,0,0.573498965,0,0
1989,say anything...,#DIV/0!,0.107541311,0.110402244,0.095913224,0.097214214,0.124480279,0.126828169,7.5,9,11,277,399,3,10,0.096909747,0.131616541,,2.305084746,2.394789579,2.446327684,2.575150301,0.581920904,0.585170341,1
1997,scream 2,5.883441557,0.138755077,0.1498299,0.12580455,0.14387759,0.081388886,0.085376746,5.9,12,11,278,201,6,20,-0.059799281,-0.017324876,1,2.262172285,1.764150943,2.310861423,2.254716981,0.438202247,0.528301887,1
2000,scream 3,#DIV/0!,0.181324616,0.159918966,0.155338993,0.1578331,0.112424165,0.103064011,5.3,7,9,214,227,7,17,-0.057360748,-0.053615419,,2.15942029,2.2,2.532608696,2.345454545,0.525362319,0.56969697,2
1996/I,scream,6.181804208,0.121943179,0.13823352,0.140414006,0.157953506,0.133030581,0.145921126,7.2,6,10,343,371,23,58,-0.000637026,-0.063490027,2,2.017073171,2.174342105,2.380487805,2.476973684,0.595121951,0.588815789,1
1998,shakespeare in love,3.0458569,0.132525336,0.12742815,0.132730231,0.120738049,0.198922278,0.163749074,7.4,9,13,162,415,5,12,0.124696296,0.104063614,2,2.115384615,2.627615063,2.49112426,2.560669456,0.565088757,0.619246862,0
1992,sister act,11.36047593,0.110756852,0.108764293,0.119229863,0.118265742,0.154424437,0.135512665,5.9,10,8,301,455,1,5,0.076226578,0.043062418,2,2.278829604,2.36,2.461273666,2.525714286,0.581755594,0.537142857,1
1999,sleepy hollow,10.57271176,0.1491734,0.144960892,0.15873996,0.150189608,0.07069284,0.07161417,7.5,5,11,112,338,3,15,0.000665179,-0.002514793,2,2.107655502,2.625,2.301435407,2.40625,0.535885167,0.5,0
1959,some like it hot,6.471133871,0.116658345,0.110443949,0,0,0,0,8.4,7,10,294,771,6,34,0.098352721,0.054459533,2,2.281190019,2.565217391,2.452975048,2.130434783,0.535508637,0.565217391,3
1998,sphere,1.06071502,0.079799929,0.076864261,0.131770215,0.119496989,0.123711857,0.121298454,5.6,5,7,267,773,18,53,-0.015828464,0.001596378,2,2.261417323,2.530864198,2.576377953,2.90617284,0.57007874,0.681481481,3
1977,star wars,7.668972845,0.126878197,0.144260914,0.113890502,0.140227201,0.124099827,0.175908365,8.8,4,8,35,256,3,17,-0.141848571,0.028919141,2,2.447058824,2.083333333,2.48627451,3.222222222,0.650980392,0.416666667,2
1997,starship troopers,-0.825333333,0.107886853,0.102680782,0.136742216,0.131253847,0.111773644,0.115055726,7.1,4,13,150,372,9,37,0.033566667,0.077076075,2,2.145374449,2.169491525,2.422907489,2.355932203,0.568281938,0.491525424,0
1979,star trek: the motion picture,69.49072791,0.107391346,0.115553428,0.090936397,0.128302985,0.121338192,0.11935439,6.2,3,8,26,301,2,15,0.057557692,0.051896013,2,2.198051948,2.157894737,2.308441558,1.947368421,0.558441558,0.368421053,0
1998,stepmom,0.154422638,0.114911348,0.108897074,0.102972129,0.100886201,0,0,6.2,1,8,277,524,8,28,0.0200792,0.041457955,2,2.01659751,2.044642857,2.485477178,2.444642857,0.485477178,0.566071429,3
1964,dr. strangelove or: how i learned to stop worrying and love the bomb,2.971428571,0.108574314,0.102412614,0.105917456,0.097452986,0,0,8.6,1,17,35,561,3,25,-0.073705714,-0.00863672,2,1.909090909,3.147058824,2.299242424,2.926470588,0.471590909,0.75,3
1984,supergirl,#DIV/0!,0.102090625,0.100573632,0.125817895,0.136517448,0.099729565,0.109855155,4.1,8,7,295,177,0,11,0.063444407,0.022398305,,2.238866397,2.208888889,2.178137652,2.36,0.493927126,0.537777778,1
1983,superman iii,4.244595556,0.101692642,0.085602858,0.123315789,0.117078524,0.109632145,0.113257164,4.7,7,9,163,321,3,13,0.062792638,0.065897508,2,2.210659898,2.266666667,2.54822335,2.566666667,0.532994924,0.477777778,0
1980,superman ii,-0.591530343,0.116493486,0.101136338,0.134550301,0.12695624,0.187101664,0.162360479,6.7,5,12,121,198,8,52,0.085599174,0.05800101,2,2.389380531,2.505376344,2.477876106,2.516129032,0.584070796,0.655913978,2
1987,superman iv: the quest for peace,0.944887795,0.114248233,0.117063105,0.159688848,0.150084054,0.157308601,0.151504722,3.4,3,7,98,143,0,18,0.017386735,0.075379021,2,2.294416244,2,2.284263959,2.227272727,0.675126904,0.340909091,2
1978,superman,2.527013074,0.104562437,0.102825661,0.135756437,0.136189088,0.100861119,0.115028939,7.3,4,10,157,296,0,19,0.075819745,0.016168243,2,2.475285171,2.394736842,2.520912548,2.778947368,0.631178707,0.536842105,0
1957,sweet smell of success,0.135294118,0.088868229,0.105546437,0,0,0,0,8.2,7,9,117,366,0,16,0.036399145,0.092081694,2,2.377659574,2.364485981,2.489361702,2.672897196,0.518617021,0.654205607,0
1971,thx 1138,4.458509418,0.076036524,0.07121456,0.125584769,0.102542386,0.098754204,0.0809746,6.8,6,4,97,141,0,12,0.026049485,-0.021636879,2,3,2.30075188,2.742857143,2.203007519,0.742857143,0.601503759,2
1997,titanic,#DIV/0!,0.093394938,0.1026063,0.130687085,0.140654818,0.128002413,0.129024362,7.4,8,11,171,226,20,45,0.02584269,0.099338496,,2.294117647,1.825,2.647058824,1.975,0.56302521,0.425,2
1993,tombstone,2.136422136,0.095651014,0.105275183,0.11831547,0.113777457,0.141131252,0.14352866,7.7,5,15,79,443,10,47,0.093183544,0.046456208,2,2.143603133,2.424460432,2.399477807,2.482014388,0.532637076,0.417266187,0
1995,toy story,8.22517094,0.080852069,0.101315055,0.118232023,0.128027561,0.092967554,0.108460797,8.2,2,10,31,371,25,81,0.13036129,0.023180863,2,2.454545455,2.588235294,2.423376623,2.588235294,0.511688312,0.294117647,0
2000,traffic,1.2602026,0.138653053,0.148851208,0.100830099,0.098547555,0.063635455,0.069399256,7.8,8,21,147,339,11,14,0.025619048,0.048653097,2,2.603833866,2.01734104,2.523961661,2.150289017,0.696485623,0.49132948,0
1996,trainspotting,11.4518011,0.123646644,0.114686629,0.092904188,0.092636031,0,0,8.2,4,10,74,296,11,33,-0.031055405,0.050774324,2,1.987012987,2.482014388,2.168831169,2.90647482,0.636363636,0.669064748,0
1989,star trek v: the final frontier,3.323244271,0.091504893,0.112435096,0.097621148,0.129267462,0.072482212,0.099749982,5,4,10,57,306,0,10,0.04095614,0.004392484,2,2.154545455,2.939393939,2.566666667,2.212121212,0.463636364,0.636363636,0
1982,tron,3.12277,0.087291306,0.104167979,0.085344692,0.118233338,0.08456951,0.109918177,6.7,3,9,53,266,3,16,0.098779245,0.073859023,2,2.087837838,2.608695652,2.314189189,2.913043478,0.587837838,0.434782609,2
1994,true lies,1.34,0.090616334,0.1037372,0.0624222,0.073267977,0,0,7.2,7,5,185,305,7,16,0.086801622,0.044926885,2,2.646239554,2.351145038,2.799442897,2.496183206,0.662952646,0.595419847,0
1993,true romance,0.941176471,0.123360812,0.13114587,0.148007205,0.144378596,0.084565787,0.082629723,7.9,5,18,153,559,11,28,0.100982353,0.015613059,2,2.35117773,2.493877551,2.605995717,2.367346939,0.64882227,0.616326531,3
1995,twelve monkeys,2.294629661,0.145280379,0.149606996,0.114999364,0.121321578,0.064192218,0.071270449,8.1,5,9,132,221,31,120,0.027056061,-0.042428054,2,2.414715719,1.888888889,2.598662207,2.888888889,0.672240803,0.62962963,2
2000,unbreakable,-0.01747592,0.088626147,0.090798023,0.154605093,0.151086494,0.140708042,0.129010127,7.3,2,8,48,228,9,47,-0.001852083,-0.007508333,2,2.694339623,1.909090909,2.516981132,2.363636364,0.588679245,0.272727273,2
1992,unforgiven,4.723389831,0.091683458,0.097656126,0.108363787,0.105309693,0,0,8.3,4,11,54,514,9,34,-0.029877778,-0.045416838,2,2.603938731,1.972972973,2.645514223,2.252252252,0.599562363,0.396396396,0
1958,vertigo,2.308241613,0.111169138,0.106192256,0.131626371,0.130815356,0.118177923,0.111730722,8.6,6,4,322,354,3,25,0.034686025,0.06514209,2,2.133333333,2.183835182,2.155555556,2.286846276,0.444444444,0.546751189,1
2000,what lies beneath,10.36838907,0.083182606,0.087377323,0.122337824,0.118681791,0.120105086,0.126255785,6.5,5,5,436,223,22,89,0.025850229,0.003194619,1,0,2.182094082,0,2.376327769,0,0.509863429,1
2000,what women want,10.29487697,0.079807859,0.1519059,0.094969476,0.18178889,0.087453414,0.145327096,6.3,1,1,3,3,24,71,-0.119833333,0.044166667,2,0,1.5,0,2.666666667,0,0.333333333,2
1998,wild things,0.55464351,0.125601415,0.142792506,0.135008791,0.138268751,0.070724487,0.075105329,6.6,6,7,245,264,1,8,-0.003185306,-0.056313636,2,2.511210762,2.181818182,2.3632287,2.597902098,0.605381166,0.524475524,1
1999,wild wild west,4.344452957,0.127691933,0.112407057,0.117143109,0.109586845,0.106009097,0.107917833,4.3,1,8,21,301,1,11,0.093195238,0.083938538,2,2.385714286,1.523809524,2.285714286,1.952380952,0.592857143,0.5,0
1988,willow,2.36,0.080071693,0.089629833,0.117216004,0.125479934,0.099257749,0.096070745,7.1,3,7,65,233,11,45,-0.019435385,0.035591416,2,2.439613527,1.923076923,2.657004831,2.120879121,0.671497585,0.43956044,2
1985,witness,0.306498124,0.084969371,0.086731898,0.112467282,0.110035736,0.050483555,0.06133252,7.6,2,8,119,238,0,7,0.057887395,-0.022337395,2,2.509615385,1.977777778,2.599358974,2.844444444,0.628205128,0.511111111,2
2009,watchmen,0.6362818,0.094103846,0.107685738,0.123944769,0.141024533,0.162700563,0.165683123,7.8,5,11,118,249,6,18,-0.004826271,-0.0349,2,2.315614618,2.787878788,2.631229236,2.606060606,0.561461794,0.742424242,2
2002,xxx,4.72558275,0.126708514,0.129786368,0.146823702,0.147583553,0.138890246,0.152288357,5.6,1,10,5,407,37,102,-0.002368493,-0.010368732,2,2.197718631,2.523489933,2.581749049,2.389261745,0.650190114,0.483221477,0
2000,x-men,0.4250691,0.117515225,0.10121316,0.143804906,0.107124648,0,0,7.4,4,5,61,114,3,20,-0.03144918,0.029318421,2,2.295454545,1.837209302,2.734848485,2.76744186,0.545454545,0.558139535,2
1974,young frankenstein,2.963548314,0.107887745,0.094795085,0.096118411,0.100548186,0,0,8,3,11,121,455,9,35,0.182547107,0.086947473,2,2.204968944,2.451612903,2.587991718,3.301075269,0.606625259,0.569892473,0
