Year,Movie_Title,New ROI,N_Genre1_Tag_Female,N_Genre1_Tag_Male,N_Genre2_Tag_Female,N_Genre2_Tag_Male,N_Genre3_Tag_Female,N_Genre3_Tag_Male,N_#_of_Female_Cast,N_#_of_Male_Cast,N_#_of_Female_Dialogue,N_#_of_Male_Dialogue,N_#_of_Female_Crew,N_#_of_Male_Crew,N_Sentiment_Female,N_Sentiment_Male,N_noun_count_male,N_noun_count_female,N_verb_count_male,N_verb_count_female,N_adjective_count_male,N_adjective_count_female,IMDB_Rating,Bechdel_Scores,labels,All_param_cluster_label,Female_param_cluster_label
1999,10 things i hate about you,2.342385375,0.5461997679999999,0.411519388,0.573738877,0.657457387,0.0,0.0,0.35714285700000004,0.176470588,0.35287081299999995,0.30994152,0.224489796,0.19047619,0.438761561,0.524804404,0.676230076,0.292687064,0.859228707,0.563907822,0.6942800790000001,0.242458593,6.9,3,1,3,0
1968,2001: a space odyssey,5.542857143,0.770684684,0.361279316,0.569518227,0.7236158420000001,0.427798037,0.546266402,0.14285714300000002,0.294117647,0.020334928,0.210526316,0.040816327,0.119047619,1.0,0.8028647,0.634368612,0.289683713,0.800369478,0.411764706,0.654169361,0.184372257,8.4,0,2,0,1
1982,48 hrs.,5.572375667,0.60213951,0.352287779,0.5454707,0.65694819,0.6804121679999999,0.694522286,0.5,0.235294118,0.130382775,0.3893066,0.020408163,0.095238095,0.29853776,0.468489884,0.64082101,0.348827471,0.85179827,0.619230769,0.662022255,0.269900497,6.9,2,0,1,1
1999,8mm,1.415467475,0.764362222,0.577974998,0.583637223,0.728206751,0.284853329,0.374204397,0.214285714,0.323529412,0.04784689,0.451963241,0.306122449,0.476190476,0.128458756,0.48694216,0.595768549,0.34536318,0.840725827,0.574358974,0.6316206320000001,0.227951153,6.3,1,3,2,2
1988,a nightmare on elm street 4: the dream master,9.357142857,0.976941299,0.983721719,0.78225585,0.86498987,0.434504452,0.455947756,0.35714285700000004,0.05882352900000001,0.108851675,0.050960735,0.06122449,0.079365079,0.200995157,0.355703076,0.5248933139999999,0.29589122100000004,0.7698603079999999,0.5115384620000001,0.296896087,0.202809482,5.2,3,2,0,1
1997,air force one,2.707722459,0.4824129720000001,0.442940865,0.421197356,0.475388325,0.31648748600000004,0.34359342600000004,0.35714285700000004,0.5,0.104066986,0.232247285,0.653061224,0.523809524,0.453845409,0.494873603,0.656949807,0.303791686,0.872654156,0.445454545,0.660805861,0.189959295,6.3,1,2,0,2
1980,airplane!,22.84386829,0.5410574810000001,0.393026026,0.5130403570000001,0.685739586,0.0,0.0,0.571428571,0.323529412,0.100478469,0.124477861,0.081632653,0.19047619,0.606671772,0.620057211,0.598826099,0.360488574,0.678311263,0.558113419,0.501424501,0.247085739,7.8,3,2,0,0
1988,alien nation,1.009690438,0.743103015,0.604963708,0.4673254,0.490431618,0.597174875,0.5440668129999999,0.214285714,0.264705882,0.035885167,0.237259816,0.204081633,0.198412698,0.7192929109999999,0.535449215,0.670385688,0.257956449,0.8198601320000001,0.418803419,0.6704991339999999,0.266998342,6.1,1,0,1,1
1986,aliens,8.908997568,0.585131929,0.409593403,0.480220962,0.54873589,0.320875264,0.399045183,0.214285714,0.264705882,0.20813397100000008,0.152046784,0.14285714300000002,0.23015873,0.3621404620000001,0.563901752,0.582494091,0.332705193,0.86333194,0.495833333,0.630593741,0.248134328,8.5,3,2,0,1
1984,amadeus,1.8873905,0.4177701620000001,0.23393822,0.412104541,0.544320138,0.630999646,0.731662185,0.28571428600000004,0.6764705879999999,0.19138756,0.7050960740000001,0.12244898,0.158730159,0.468034801,0.755048333,0.605355355,0.310470385,0.822101541,0.5049180329999999,0.609102199,0.252116467,8.4,3,3,2,1
1981,an american werewolf in london,2.1973249,0.71572144,0.70028495,0.5287559070000001,0.643414697,0.0,0.0,0.428571429,0.235294118,0.183014354,0.35254803700000004,0.06122449,0.079365079,0.403662471,0.407128791,0.633074878,0.31593866800000003,0.833824111,0.5143984220000001,0.639932745,0.235744355,7.5,2,0,1,0
2001,american outlaws,-0.609173914,0.4560412170000001,0.299844242,0.484897542,0.5547159110000001,0.0,0.0,0.35714285700000004,0.441176471,0.083732057,0.497911445,0.081632653,0.03968254,0.480442624,0.457592592,0.63829374,0.123115578,0.881141175,0.296153846,0.6059195470000001,0.104477612,5.7,1,3,2,0
2000,american psycho,3.895223429,0.421125781,0.18027218600000008,0.232417024,0.288110807,0.0,0.0,0.571428571,0.235294118,0.194976077,0.427736007,0.448979592,0.27777777800000003,0.551189126,0.548003338,0.615343219,0.0,0.785989387,0.0,0.535814236,0.0,7.4,1,3,2,0
2001,antitrust,-0.393479667,0.481153913,0.283250991,0.272323567,0.34916542,0.0,0.0,0.28571428600000004,0.323529412,0.177033493,0.313283208,0.163265306,0.08730158699999999,0.389916921,0.655749084,0.615735853,0.291308394,0.8259048259999999,0.554415954,0.6258012820000001,0.255389718,6.0,2,0,1,0
1997,austin powers: international man of mystery,3.102059939,0.539794709,0.335107311,0.543731333,0.696174938,0.487364664,0.58347555,0.28571428600000004,0.382352941,0.147129187,0.298245614,0.204081633,0.079365079,0.597233411,0.599672587,0.665359556,0.305527638,0.80364324,0.418461538,0.7101648359999999,0.19104477600000005,7.1,2,0,1,1
1984,bachelor party,5.405991167,0.664493091,0.453930924,0.7403262279999999,0.7343865829999999,0.0,0.0,0.5,0.382352941,0.120813397,0.31411863,0.020408163,0.071428571,0.686531998,0.675581685,0.6878503890000001,0.277822232,0.838818383,0.432141107,0.719536398,0.159710999,5.9,3,0,1,0
1975,barry lyndon,0.818181818,0.7177397759999999,0.463836939,0.8052372529999999,0.85523594,0.8105527240000001,0.788218312,0.35714285700000004,0.470588235,0.041866029,0.250626566,0.040816327,0.079365079,0.843940191,0.893392524,0.647678929,0.267567345,0.814169397,0.50668348,0.647673315,0.21923171,8.1,1,0,1,1
2003,basic,-0.14414878,0.729754369,0.6710095110000001,0.43086401,0.527910464,0.627447255,0.706334639,0.071428571,0.294117647,0.163875598,0.449456976,0.244897959,0.349206349,0.291177196,0.290244974,0.70814767,0.368740253,0.870797308,0.549602122,0.644936984,0.172928461,6.3,3,3,2,2
2003,big fish,0.7559865,0.734399805,0.5666777479999999,0.472747059,0.54975793,0.8278239890000001,0.8386636670000001,0.35714285700000004,0.147058824,0.144736842,0.236424394,0.8979591840000001,0.7222222220000001,0.581245255,0.655568174,0.5747277129999999,0.320885001,0.8137329440000001,0.523741007,0.568312285,0.195425749,8.1,1,0,1,2
1982,blade runner,0.183557786,0.485111128,0.16238997,0.489121606,0.468571341,0.308184588,0.300941981,0.571428571,0.264705882,0.161483254,0.297410192,0.204081633,0.198412698,0.392968849,0.575361412,0.640818671,0.332299797,0.788335702,0.536170213,0.6107956179999999,0.168942521,8.3,1,0,1,1
1999,blast from the past,0.150372,0.557650145,0.313755377,0.383424291,0.442316124,0.594950121,0.604525102,0.35714285700000004,0.441176471,0.427033493,0.5179615710000001,0.06122449,0.119047619,0.5200369189999999,0.715394048,0.625243557,0.317755444,0.821821809,0.473846154,0.684794276,0.205472637,6.4,3,3,2,1
1986,blue velvet,0.425204667,0.6395348129999999,0.474069325,0.591369354,0.690528907,0.323389928,0.327289008,0.28571428600000004,0.264705882,0.3468899520000001,0.330827068,0.06122449,0.063492063,0.574288064,0.76986702,0.627306393,0.330369798,0.82790266,0.598027613,0.650887574,0.28166858,7.8,1,1,3,1
1995,braveheart,1.916666667,0.66196189,0.402045449,0.397280754,0.42100523,0.609948266,0.5084325279999999,0.428571429,0.235294118,0.107655502,0.157059315,0.306122449,0.396825397,0.383041133,0.34232344600000003,0.6785763029999999,0.401767876,0.80759336,0.757738647,0.729344729,0.292033807,8.4,2,2,0,2
1942,casablanca,10.91628702,0.478930345,0.260476053,0.525090838,0.61084233,0.678816393,0.667166424,0.28571428600000004,0.294117647,0.17224880399999998,0.573934837,0.040816327,0.23015873,0.496886865,0.7407761829999999,0.620419875,0.316707211,0.8434676409999999,0.567762979,0.624505561,0.255471758,8.8,1,3,2,1
2000,cast away,3.773690467,0.6699492420000001,0.433750834,0.399618494,0.444661938,0.0,0.0,0.428571429,0.264705882,0.100478469,0.261487051,0.040816327,0.071428571,0.424786155,0.508040264,0.599855856,0.506532663,0.7411188559999999,0.628923077,0.604717949,0.267462687,7.5,2,0,1,0
1974,dark star,-1,0.0,0.279505842,0.0,0.564518699,0.0,0.370458939,0.0,0.176470588,0.0,0.238095238,0.0,0.14285714300000002,0.366939495,0.474383728,0.758938626,0.0,0.931523682,0.0,0.720797721,0.0,6.5,0,0,1,3
2001,donnie darko,-0.788246333,0.618197879,0.356883209,0.644971098,0.71484052,0.494078304,0.567624329,0.5,0.323529412,0.17583732100000002,0.294068505,0.224489796,0.174603175,0.378064664,0.485765987,0.636007883,0.300593878,0.862265416,0.44055944,0.636965812,0.34192673,8.3,3,0,1,1
1999,drop dead gorgeous,0.0571408,0.715785256,0.490577291,0.530499423,0.559348,0.0,0.0,0.7142857140000001,0.264705882,0.293062201,0.04845447,0.020408163,0.023809524,0.616005687,0.53220552,0.716216216,0.311671565,0.624337932,0.585195936,0.660412759,0.211320755,6.3,3,2,0,0
1933,duck soup,#DIV/0!,0.74811561,0.329758554,0.532906387,0.45799185,0.0,0.0,0.214285714,0.117647059,0.026315789,0.247284879,0.020408163,0.126984127,0.524795499,0.469632073,0.647009967,0.32361809,0.85926269,0.495384615,0.689666922,0.229850746,8.1,1,0,1,0
2004,eternal sunshine of the spotless mind,2.6129063,0.5384900570000001,0.265533609,0.681387307,0.664696339,0.512242995,0.470352536,0.5,0.176470588,0.442583732,0.380116959,0.102040816,0.111111111,0.635296132,0.687050478,0.544609951,0.339673829,0.814099439,0.5500235960000001,0.653846155,0.237798736,8.5,2,1,3,1
1993,even cowgirls get the blues,-1,0.692734617,0.609503615,0.534395582,0.5877067420000001,0.816755309,0.859436622,0.14285714300000002,0.117647059,0.092105263,0.059314954,0.12244898,0.111111111,0.418955126,0.662714606,0.632754914,0.406476829,0.842432367,0.7008547009999999,0.602564103,0.271973466,4.0,3,2,0,1
1997,event horizon,-0.555445967,0.678714893,0.5189544110000001,0.5573263070000001,0.6521641189999999,0.0,0.0,0.14285714300000002,0.205882353,0.15789473699999998,0.3893066,0.183673469,0.380952381,0.4553094620000001,0.40583421,0.715261872,0.333668342,0.913426536,0.6184615379999999,0.71176783,0.220895523,6.4,3,0,1,0
2005,fantastic four,2.30579719,0.599778638,0.3614446670000001,0.481383723,0.562710855,0.684433504,0.762540245,0.28571428600000004,0.176470588,0.138755981,0.276524645,0.469387755,0.8730158729999999,0.398182272,0.633155503,0.610986927,0.284165928,0.759862122,0.591251885,0.483516484,0.204858062,5.7,1,0,1,2
1982,fast times at ridgemont high,5.02064,0.5964269289999999,0.381504924,0.412766764,0.468404129,0.643057066,0.607420933,0.428571429,0.323529412,0.385167464,0.220551378,0.040816327,0.08730158699999999,0.67578966,0.5974622470000001,0.605491433,0.366360102,0.857994183,0.592307692,0.547643339,0.240495635,7.2,2,1,3,1
1998,fear and loathing in las vegas,-0.422687838,0.62766759,0.381084608,0.805495691,0.886352569,0.0,0.0,0.071428571,0.176470588,0.022727273,0.289055973,0.510204082,0.579365079,0.524328259,0.266529897,0.555743243,0.246231156,0.74494867,0.441538462,0.63289556,0.219402985,7.6,1,0,1,0
1982,frances,#DIV/0!,0.400126136,0.120063004,0.442237856,0.533492515,0.0,0.0,0.571428571,0.588235294,0.516746411,0.245614035,0.06122449,0.071428571,0.510486934,0.628457457,0.611129974,0.341670617,0.88873321,0.547808418,0.612292231,0.231822022,7.2,3,1,3,0
1931,frankenstein,1.4890288,0.649803574,0.35801719200000004,0.706281754,0.7528588559999999,0.562879583,0.6099403520000001,0.428571429,0.147058824,0.148325359,0.17878028399999998,0.06122449,0.079365079,0.5475697389999999,0.534845612,0.507882883,0.366233079,0.7706556179999999,0.6100846520000001,0.683760684,0.281939584,8.0,1,2,0,1
2009,friday the 13th,107.6447291,0.688101165,0.556579058,0.0,0.0,0.0,0.0,0.35714285700000004,0.176470588,0.11722488,0.110275689,0.12244898,0.111111111,0.409503565,0.630317028,0.6056571279999999,0.317925505,0.684434632,0.542571932,0.641528407,0.19459952100000005,5.6,3,2,0,0
1996,from dusk till dawn,0.359821895,0.549035512,0.274075355,0.558005789,0.66035755,0.717714592,0.715725265,0.214285714,0.235294118,0.06339712900000001,0.32748538,0.571428571,0.69047619,0.5965873970000001,0.418031283,0.617928161,0.310909386,0.796649488,0.538461538,0.7131659359999999,0.249398171,7.1,1,0,1,2
1997,g.i. jane,-0.03661688,0.625131668,0.525989425,0.45549385,0.533020333,0.0,0.0,0.428571429,0.294117647,0.33612440200000004,0.17878028399999998,0.102040816,0.071428571,0.430836273,0.483429995,0.618927472,0.372036654,0.8037465640000001,0.551131222,0.721194417,0.265496049,5.6,3,1,3,0
1998,godzilla,1.915494569,0.5231373420000001,0.287346288,0.654631512,0.636646837,0.5236249270000001,0.516857977,0.214285714,0.235294118,0.124401914,0.165413534,0.530612245,0.746031746,0.473002405,0.596051844,0.663936283,0.437744277,0.859885872,0.654700855,0.674401948,0.258706468,4.9,3,2,0,2
1999,galaxy quest,1.015198133,0.561676948,0.346575815,0.523526509,0.5995984879999999,0.490748336,0.518205791,0.214285714,0.294117647,0.155502392,0.368421053,0.183673469,0.27777777800000003,0.360257489,0.46680762,0.567489545,0.293381803,0.7355131909999999,0.600327332,0.596671996,0.234148407,7.2,1,0,1,1
2001,ghost world,-1,0.693264219,0.400583597,0.479807929,0.494362613,0.0,0.0,0.7857142859999999,0.205882353,0.866028708,0.215538847,0.163265306,0.08730158699999999,0.427804898,0.718999575,0.703798393,0.288202814,0.970364466,0.5021700579999999,0.640332641,0.221570523,7.7,3,1,3,0
1989,ghostbusters ii,4.821479405,0.522400854,0.391788116,0.518797644,0.6986131,0.534872331,0.602726569,0.28571428600000004,0.323529412,0.124401914,0.326649958,0.265306122,0.325396825,0.552478073,0.690998351,0.63307183,0.301105528,0.8567572920000001,0.519076923,0.666322492,0.221492537,6.1,2,0,1,1
1986,ghostbusters,8.840415567,0.484723402,0.256641487,0.445464529,0.509017566,0.781035068,0.812622387,0.428571429,0.352941176,0.055023923,0.338345865,0.081632653,0.134920635,0.603911245,0.598011393,0.629343629,0.307525652,0.751753837,0.5223399360000001,0.652550702,0.202699079,6.9,2,0,1,1
2000,gladiator,3.443110942,0.661654389,0.606067792,0.697803855,0.761084402,0.629588293,0.605334035,0.28571428600000004,0.264705882,0.083732057,0.253968254,0.408163265,0.6269841270000001,0.639403915,0.639133437,0.577273082,0.313178797,0.77729393,0.451612903,0.622795316,0.202214733,8.4,0,0,1,2
1932,grand hotel,2.705714286,0.5278619179999999,0.328288658,0.566160277,0.640820019,0.0,0.0,0.35714285700000004,0.382352941,0.283492823,0.494569758,0.0,0.03968254,0.587631836,0.647877838,0.617520112,0.310870592,0.839437984,0.523734385,0.66786725,0.283964791,7.7,3,3,2,0
1971,harold and maude,-1,0.656271643,0.252087397,0.671084969,0.60421448,0.0,0.0,0.35714285700000004,0.176470588,0.245215311,0.269005848,0.0,0.063492063,0.804697103,0.687337306,0.584964438,0.291640018,0.797155355,0.48951049,0.591417004,0.167164179,8.1,3,0,1,0
1988,hellbound: hellraiser ii,3.030245,0.57638617,0.400387761,0.6806906079999999,0.8854397479999999,0.387873379,0.4317406,0.428571429,0.05882352900000001,0.090909091,0.03091061,0.346938776,0.53968254,0.470787488,0.512307637,0.0,0.30324034,0.0,0.495755968,0.0,0.208955224,6.2,1,2,0,1
2004,hellboy,0.504833136,0.577285292,0.266020827,0.605207611,0.593198656,0.798516144,0.758279233,0.28571428600000004,0.205882353,0.06459330099999999,0.193817878,0.673469388,0.6031746029999999,0.294196609,0.44208911,0.6806949809999999,0.33941638,0.885239372,0.515789474,0.8123076929999999,0.252945797,6.8,1,2,0,2
1987,hellraiser,13.564027,0.618202063,0.5685099779999999,0.0,0.0,0.0,0.0,0.214285714,0.205882353,0.318181818,0.199665831,0.265306122,0.444444444,0.392450011,0.502441802,0.599492349,0.34007025700000004,0.779210463,0.558379551,0.638719305,0.254152435,7.0,3,1,3,0
2000,high fidelity,0.5708765,0.645622265,0.47867501,0.457726182,0.497077175,0.7463301459999999,0.7788377009999999,0.35714285700000004,0.235294118,0.291866029,0.482038429,0.040816327,0.079365079,0.548627868,0.548651556,0.645181365,0.321970211,0.811852688,0.543312543,0.7036437259999999,0.254134732,7.6,2,3,2,1
1986,highlander,-0.63125,0.503518719,0.300328657,0.6579310629999999,0.7268293090000001,0.0,0.0,0.857142857,0.470588235,0.089712919,0.477025898,0.040816327,0.14285714300000002,0.358268835,0.512156511,0.635799734,0.322718242,0.806574957,0.566636851,0.6806221109999999,0.233252343,7.2,3,3,2,0
1940,his girl friday,#DIV/0!,0.552597804,0.34192542600000003,0.418561398,0.494567729,0.591778784,0.61777132,0.428571429,0.441176471,0.509569378,0.601503759,0.040816327,0.119047619,0.494802237,0.6142128689999999,0.6325067289999999,0.321716692,0.777991612,0.5332224529999999,0.621449091,0.250746269,8.1,3,3,2,1
1987,hope and glory,#DIV/0!,0.544232492,0.27294495,0.6509966979999999,0.683114743,0.0,0.0,0.35714285700000004,0.147058824,0.150717703,0.145363409,0.0,0.0,0.460576927,0.574804262,0.500832113,0.329246231,0.7205589090000001,0.616,0.644688644,0.313432836,7.4,3,2,0,0
2003,house of 1000 corpses,1.404220714,0.8741291109999999,0.814808368,0.0,0.0,0.0,0.0,0.428571429,0.205882353,0.372009569,0.249791145,0.448979592,0.507936508,0.309193085,0.664500655,0.57244589,0.309018209,0.747644422,0.541935484,0.538355144,0.25164500100000003,5.6,3,1,3,0
2001,human nature,-0.882448667,0.681842967,0.480491918,0.476414674,0.56237207,0.0,0.0,0.35714285700000004,0.117647059,0.342105263,0.2213868,0.081632653,0.071428571,0.691113003,0.88686448,0.6657585,0.339747518,0.922252011,0.592745466,0.727874276,0.261618736,6.3,3,1,3,0
2007,i am legend,2.902326733,0.451837179,0.0,0.520333839,0.434319469,0.275091892,0.240137681,0.214285714,0.029411765,0.052631579000000005,0.041771094,0.081632653,0.134920635,0.555414273,0.639679279,0.565596847,0.310318717,0.540214477,0.525184405,0.282051282,0.29196483300000003,7.1,3,2,0,1
1996,independence day,9.892923573,0.600656626,0.364787662,0.554175822,0.56217868,0.492829319,0.5075693170000001,0.428571429,0.352941176,0.098086124,0.218880535,0.28571428600000004,0.373015873,0.343011229,0.466436461,0.699279676,0.287269682,0.768858287,0.534871795,0.700779397,0.229850746,6.6,3,2,0,1
1989,indiana jones and the last crusade,8.878579292,0.461419653,0.233206702,0.558763631,0.670106675,0.34738007,0.348353895,0.071428571,0.205882353,0.044258373,0.315789474,0.14285714300000002,0.293650794,0.400561417,0.623553684,0.648275456,0.336547603,0.904545171,0.698544698,0.682170543,0.29931424,8.3,0,0,1,1
1984,indiana jones and the temple of doom,10.89285714,0.505626962,0.275479824,0.6278832089999999,0.68355465,0.0,0.0,0.214285714,0.117647059,0.174641148,0.179615706,0.102040816,0.166666667,0.373619211,0.504709258,0.631343726,0.362702401,0.8128619090000001,0.5504273510000001,0.572944298,0.260033167,7.5,0,2,0,0
2003,intolerable cruelty,0.999013583,0.5647262270000001,0.270173774,0.630062738,0.658066344,0.611914614,0.587945212,0.642857143,0.235294118,0.372009569,0.305764411,0.244897959,0.253968254,0.608398094,0.547535779,0.7427104520000001,0.298249351,0.941316652,0.523690773,0.748093006,0.213644992,6.4,3,1,3,1
1934,it happened one night,12.84615385,0.565877749,0.4363169670000001,0.594736547,0.6753409359999999,0.0,0.0,0.5,0.5,0.495215311,0.37176274,0.040816327,0.055555556,0.603519719,0.7464349220000001,0.6864386509999999,0.31724661,0.963486678,0.552346396,0.763784887,0.251009105,8.3,3,1,3,0
1991,jfk,4.13513745,0.58187303,0.31807539100000004,0.56416481,0.565247696,0.826434929,0.799676301,0.642857143,0.705882353,0.141148325,0.517126149,0.28571428600000004,0.420634921,0.31772816,0.301087924,0.598020422,0.231155779,0.7988824290000001,0.315384615,0.573609911,0.164179105,8.0,3,3,2,1
1997,jackie brown,2.306096833,0.674504661,0.497145575,0.418917239,0.450683739,0.346700509,0.357491346,0.35714285700000004,0.205882353,0.526315789,0.644110276,0.06122449,0.031746032,0.441947259,0.435747458,0.626081081,0.32209239,0.858903242,0.5443002779999999,0.6933333340000001,0.217137205,7.6,3,3,2,1
2001,jason x,0.541072545,0.7198274379999999,0.565183003,0.415223604,0.5393997220000001,0.0,0.0,0.28571428600000004,0.264705882,0.087320574,0.357560568,0.0,0.055555556,0.253076032,0.35135663100000003,0.62313636,0.339266426,0.849940235,0.493170381,0.667829233,0.331984935,4.4,3,0,1,0
1975,jaws,66.23628571,0.30012963600000003,0.115777971,0.0,0.0,0.0,0.0,0.28571428600000004,0.205882353,0.057416268,0.302422723,0.12244898,0.158730159,0.663186516,0.461122335,0.6487702360000001,0.293132328,0.8229804890000001,0.556410256,0.725067564,0.34825870600000003,8.3,3,0,1,0
2007,juno,29.85487787,0.724183791,0.54452317,0.5182446039999999,0.55515338,0.0,0.0,0.571428571,0.205882353,0.559808612,0.168755221,0.510204082,0.35714285700000004,0.6668442960000001,0.766550663,0.554054054,0.35061486299999994,0.727326589,0.594934334,0.64825046,0.265016381,7.9,3,1,3,0
1995,kids,3.941477333,0.550837322,0.409144349,0.44511431,0.516207913,0.0,0.0,0.7142857140000001,0.264705882,0.25,0.267335004,0.040816327,0.047619048,0.519374895,0.557093927,0.716681256,0.33768844200000003,0.8640739820000001,0.554709851,0.593792172,0.234616392,6.8,3,0,1,0
1983,krull,-0.388168148,0.841249164,0.738561658,0.420936444,0.5725844529999999,0.62539288,0.708453248,0.35714285700000004,0.235294118,0.098086124,0.330827068,0.040816327,0.08730158699999999,0.396972071,0.50786695,0.6736486490000001,0.263571378,0.832720853,0.512676056,0.6686679179999999,0.164809754,5.9,1,0,1,1
2001,legally blonde,6.876371056,0.57956991,0.34361201700000005,0.0,0.0,0.0,0.0,0.428571429,0.352941176,0.375598086,0.16791979899999998,0.244897959,0.079365079,0.584822236,0.515538743,0.587454476,0.31648961,0.759188485,0.571311977,0.536097473,0.22835425,6.2,3,1,3,0
1985,legend,-0.37991552,1.0,0.920229007,0.65100519,0.817255275,0.7954116059999999,0.8201146659999999,0.214285714,0.264705882,0.156698565,0.537176274,0.020408163,0.063492063,0.580852527,0.5850709,0.64069185,0.0,0.8360194740000001,0.0,0.6809886820000001,0.0,6.2,3,3,2,3
2000,little nicky,-1,0.923068723,0.836739133,0.492664261,0.591341955,0.67611094,0.6926923309999999,0.35714285700000004,0.382352941,0.114832536,0.284043442,0.0,0.055555556,0.657250259,0.489536743,0.645065815,0.359405724,0.865109595,0.5712374579999999,0.640508387,0.349772875,5.0,1,0,1,1
1997,lost highway,-0.7549866,0.464188273,0.150797462,0.557441424,0.6256166120000001,0.642485109,0.555677292,0.428571429,0.470588235,0.153110048,0.299916458,0.489795918,0.380952381,0.279045557,0.571812963,0.664437574,0.321807055,0.7776866509999999,0.437166794,0.7134664829999999,0.157233634,7.6,1,0,1,2
1937,lost horizon,-1,0.7093408090000001,0.585327543,0.451226086,0.516287753,0.8192393109999999,0.8533786729999999,0.428571429,0.147058824,0.08612440199999999,0.483709273,0.06122449,0.055555556,0.455042938,0.697564298,0.659281374,0.297040759,0.8777438329999999,0.502564102,0.5999602470000001,0.0,7.8,2,3,2,1
1997,men in black,5.548783767,0.455920881,0.335336229,0.505588457,0.585218052,0.504207535,0.513689462,0.214285714,0.294117647,0.052631579000000005,0.30075188,0.591836735,0.7222222220000001,0.398593005,0.533944224,0.697808619,0.342251799,0.904775016,0.494802495,0.7744975740000001,0.180718031,7.0,1,0,1,2
2002,minority report,2.513460059,0.579959186,0.315313004,0.558088131,0.667857037,0.63607677,0.689712137,0.5,0.352941176,0.163875598,0.453634085,0.734693878,0.936507937,0.286022398,0.481691734,0.624733895,0.346784427,0.8043446329999999,0.51996892,0.55830699,0.240615106,7.7,1,3,2,2
1992,malcolm x,0.416762,0.429957652,0.148512236,0.449483814,0.501883159,0.615964046,0.664651294,0.7857142859999999,0.411764706,0.137559809,0.357560568,0.020408163,0.111111111,0.530382767,0.528794368,0.677987198,0.32802567,0.844221815,0.5021316029999999,0.6828609990000001,0.244200683,7.7,3,0,1,1
1955,marty,7.746355685,0.541277649,0.38308705,0.683378202,0.738265904,0.0,0.0,0.571428571,0.235294118,0.184210526,0.25480367600000003,0.040816327,0.14285714300000002,0.518447322,0.609792708,0.57489237,0.297504472,0.903176825,0.5293350720000001,0.75879283,0.224892487,7.7,3,0,1,0
1941,meet john doe,#DIV/0!,0.597439827,0.449155148,0.410374991,0.472241776,0.586923665,0.614373344,0.428571429,0.323529412,0.197368421,0.287385129,0.081632653,0.071428571,0.666694624,0.6855733190000001,0.619635962,0.344117592,0.791070745,0.543704984,0.718367347,0.212868243,7.7,3,0,1,1
1927,metropolis,-0.992977521,0.478549395,0.337643751,0.309100155,0.415048303,0.365922771,0.51045232,0.35714285700000004,0.147058824,0.076555024,0.172096909,0.14285714300000002,0.198412698,0.400042957,0.494274438,0.599468321,0.28453378,0.804758347,0.428376068,0.536359815,0.185737977,8.4,1,2,0,1
2001,monkeybone,-0.927873107,0.6085353179999999,0.436727591,0.5680614820000001,0.6926704779999999,0.8337680000000001,0.962639888,0.28571428600000004,0.235294118,0.100478469,0.18128655,0.163265306,0.166666667,0.691255266,0.5098420220000001,0.521074646,0.3310671,0.6925826629999999,0.495701357,0.503663003,0.267339772,4.5,3,2,0,1
1939,mr. smith goes to washington,#DIV/0!,0.534920655,0.253038482,0.0,0.0,0.0,0.0,0.428571429,0.441176471,0.343301435,0.544695071,0.102040816,0.182539683,0.67238035,0.7364929170000001,0.658708709,0.301507538,0.830729818,0.507692308,0.6719088329999999,0.119402985,8.4,2,3,2,0
1936,mr. deeds goes to town,#VALUE!,0.60130405,0.415659656,0.5771149720000001,0.660773157,0.0,0.0,0.5,0.6764705879999999,0.224880383,0.507101086,0.081632653,0.095238095,0.672856665,0.7784290509999999,0.684076318,0.322700459,0.876952944,0.550947603,0.71539444,0.252866104,8.0,3,3,2,0
1999,mystery men,#DIV/0!,0.522758325,0.234832036,0.495317298,0.558283771,0.777334858,0.775512257,0.35714285700000004,0.205882353,0.100478469,0.28571428600000004,0.020408163,0.079365079,0.490836791,0.495220636,0.599982219,0.32447954100000004,0.796105545,0.589010989,0.656140351,0.255863539,5.9,1,0,1,1
2000,next friday,#VALUE!,0.489666727,0.4071951270000001,0.0,0.0,0.0,0.0,0.428571429,0.264705882,0.089712919,0.329991646,0.020408163,0.03968254,0.363514519,0.494040032,0.6863751990000001,0.284338358,0.812717237,0.3769230770000001,0.658340875,0.14800995,5.4,2,0,1,0
1995,nick of time,-0.562323368,0.5829231260000001,0.41975452,0.396271005,0.41086177,0.289564925,0.288184056,0.28571428600000004,0.176470588,0.101674641,0.242272348,0.020408163,0.055555556,0.662131364,0.479606251,0.659444771,0.313134299,0.8828923340000001,0.485671192,0.588628762,0.208955224,6.2,3,0,1,0
1984,a nightmare on elm street,4.438848,0.870532561,0.832670932,0.0,0.0,0.0,0.0,0.214285714,0.147058824,0.19138756,0.083542189,0.06122449,0.079365079,0.43824411,0.377339167,0.663185913,0.28571428600000004,0.84621009,0.472527473,0.642735043,0.174840085,7.4,3,2,0,0
1939,ninotchka,0.00073237,0.549217769,0.301043767,0.594639108,0.6872026729999999,0.0,0.0,0.35714285700000004,0.382352941,0.5382775120000001,0.469507101,0.0,0.08730158699999999,0.735700947,0.845451575,0.6184711820000001,0.308787179,0.815478536,0.5378794179999999,0.668767377,0.228156515,7.9,3,1,3,0
2007,no country for old men,13.16917389,0.578124619,0.42899493,0.388380619,0.415167086,0.563916422,0.6263174020000001,0.214285714,0.411764706,0.094497608,0.432748538,0.204081633,0.23015873,0.362473104,0.537474624,0.5978527929999999,0.318828184,0.7548877279999999,0.552209493,0.548494984,0.226738647,8.3,3,0,1,1
2000,"o brother, where art thou?",0.66959707,0.592358043,0.533562334,0.48552973,0.611195137,0.560857713,0.616471168,0.14285714300000002,0.352941176,0.031100478,0.239766082,0.224489796,0.158730159,0.442345868,0.5645322779999999,0.611812585,0.271533104,0.852277785,0.404318488,0.7361647370000001,0.183294056,7.8,0,0,1,1
1982,an officer and a gentleman,5.864,0.573890891,0.355747546,0.625075988,0.724095339,0.0,0.0,0.35714285700000004,0.147058824,0.190191388,0.281537176,0.040816327,0.095238095,0.637204033,0.583084308,0.632545045,0.29661822600000004,0.8158623770000001,0.621205821,0.620512821,0.25978217,6.8,3,0,1,0
2002,panic room,1.764166423,0.34243228600000003,0.129128401,0.0,0.0,0.0,0.0,0.214285714,0.117647059,0.184210526,0.156223893,0.346938776,0.380952381,0.315332045,0.373600952,0.574766355,0.300889061,0.848187217,0.462248521,0.680086269,0.167164179,6.9,3,2,0,0
1998,pleasantville,#DIV/0!,0.55323054,0.31828591,0.37518892,0.443431436,0.751292304,0.7600067220000001,0.214285714,0.323529412,0.245215311,0.382623225,0.163265306,0.238095238,0.62730679,0.704788368,0.674744138,0.266414037,0.856154392,0.503152585,0.657428356,0.27061414300000003,7.5,3,0,1,1
2002,punch-drunk love,3.091612813,0.58708577,0.253167324,0.383320081,0.363677183,0.577397717,0.512370757,0.7142857140000001,0.205882353,0.375598086,0.374269006,0.081632653,0.071428571,0.626512369,0.6670275520000001,0.677896948,0.266596139,0.850990703,0.555465587,0.6921313440000001,0.175962294,7.4,1,1,3,1
1980,raging bull,#DIV/0!,0.284128988,0.001324775,0.433329044,0.49539973,0.7319743890000001,0.768692202,0.28571428600000004,0.205882353,0.125598086,0.28571428600000004,0.28571428600000004,0.26984127,0.296809043,0.439747735,0.689877985,0.451732346,0.898878159,0.493117409,0.662683595,0.307934014,8.4,1,0,1,2
1954,rear window,-0.32,0.757653612,0.569811485,0.6990969690000001,0.733696317,0.71328312,0.653890222,0.28571428600000004,0.147058824,0.247607656,0.326649958,0.020408163,0.103174603,0.467710016,0.504114575,0.565116697,0.0,0.7401069709999999,0.0,0.5425146129999999,0.0,8.7,3,0,1,3
1955,rebel without a cause,0.277777778,0.547144846,0.249180048,0.584884391,0.565595744,0.0,0.0,0.214285714,0.323529412,0.166267943,0.386800334,0.040816327,0.071428571,0.513391833,0.528290574,0.631125776,0.337069965,0.824631498,0.546745562,0.612391499,0.211251435,7.9,1,0,1,0
1992,reservoir dogs,35.764313,0.66666871,0.672292938,0.6755438220000001,0.713574997,0.416891606,0.425739688,0.071428571,0.323529412,0.025119617,0.368421053,0.326530612,0.35714285700000004,0.22853126,0.207507038,0.604884701,0.261999654,0.860835772,0.363925729,0.631380852,0.144107051,8.4,0,0,1,3
2001,scary movie 2,-1,0.6162650470000001,0.42970154,0.0,0.0,0.0,0.0,0.428571429,0.235294118,0.278708134,0.195488722,0.6938775509999999,0.7222222220000001,0.538446957,0.747796583,0.613804982,0.264391726,0.757440993,0.517924866,0.513222725,0.215758417,4.7,3,2,0,0
1994,serial mom,11.21750583,0.7314789509999999,0.548295909,0.312639116,0.402721935,0.0,0.0,0.5,0.294117647,0.217703349,0.121136174,0.020408163,0.023809524,0.183735821,0.493033033,0.698108108,0.30591668,0.953626963,0.530818859,0.657582418,0.210303322,6.4,3,2,0,0
1989,"sex, lies, and videotape",2.138237289,0.450617105,0.211844049,0.0,0.0,0.0,0.0,0.35714285700000004,0.088235294,0.580143541,0.325814536,0.06122449,0.031746032,0.518154401,0.4978825770000001,0.7079579579999999,0.314899652,0.8020766840000001,0.5214157620000001,0.805860806,0.22356927,7.1,2,1,3,0
1981,shock treatment,-0.398408615,0.600128787,0.398634094,0.440829724,0.5152082960000001,0.0,0.0,0.642857143,0.382352941,0.123205742,0.167084378,0.0,0.007936508,0.547377832,0.6772790259999999,0.625875876,0.323422669,0.8721411309999999,0.577350427,0.675530231,0.235074627,5.4,3,2,0,0
2004,sideways,-1,0.6785723309999999,0.517768992,0.461508697,0.521588877,0.719077147,0.764318038,0.5,0.117647059,0.200956938,0.544695071,0.28571428600000004,0.095238095,0.648061205,0.697347268,0.672349757,0.258611493,0.830582985,0.521014181,0.621914318,0.231134829,7.8,3,3,2,1
2002,signs,#DIV/0!,0.533610597,0.187056398,0.72592006,0.628196,0.466357543,0.469757004,0.14285714300000002,0.117647059,0.03708134,0.192147034,0.367346939,0.53968254,0.446972973,0.48011154,0.608789233,0.175879397,0.793565684,0.565384615,0.623242349,0.104477612,6.9,1,2,0,2
2006,slither,5.843893938,0.717538142,0.380299276,0.659217645,0.687893877,0.546735979,0.476168071,0.428571429,0.117647059,0.125598086,0.072681704,0.020408163,0.079365079,0.447180795,0.430704593,0.658216216,0.339698492,0.7499839140000001,0.575384615,0.622769231,0.23880597,6.6,3,2,0,1
2002,solaris,4.670109958,0.514339039,0.199537738,0.620033967,0.652229109,0.599931376,0.5444560820000001,0.071428571,0.088235294,0.122009569,0.218045113,0.306122449,0.301587302,0.270282995,0.485492442,0.622932359,0.0,0.807483262,0.0,0.6134230070000001,0.0,6.2,1,2,0,3
2002,spider-man,#DIV/0!,0.58141737,0.28969875,0.598569374,0.63739812,0.888293263,0.8199633009999999,0.35714285700000004,0.352941176,0.129186603,0.250626566,0.734693878,0.6984126979999999,0.276483202,0.5946524639999999,0.606821107,0.30675902,0.847809127,0.497713098,0.59693393,0.254134732,7.4,1,0,1,2
1953,stalag 17,-0.361643447,0.207846253,0.230969872,0.424518283,0.660203003,0.0,0.0,0.14285714300000002,0.382352941,0.014354067,0.448621554,0.0,0.111111111,0.558085382,0.477782074,0.583020758,0.232701971,0.764737663,0.430769231,0.7035195470000001,0.225028702,8.2,0,0,1,0
1984,star trek iii: the search for spock,4.911572309,0.64995945,0.421249006,0.555898597,0.59683461,0.682009949,0.565889968,0.28571428600000004,0.441176471,0.104066986,0.291562239,0.020408163,0.071428571,0.571707172,0.59798883,0.52818137,0.0,0.8011871970000001,0.0,0.616786403,0.0,6.5,1,0,1,3
1998,star trek: insurrection,-1,0.629199289,0.527576709,0.630170565,0.644422678,0.599381261,0.6066906129999999,0.428571429,0.352941176,0.088516746,0.33249791100000003,0.081632653,0.111111111,0.533912996,0.501973526,0.5989196139999999,0.358303144,0.7605946370000001,0.523434705,0.643859996,0.26726831,6.3,3,0,1,1
1996,star trek: first contact,3.833333333,0.63366726,0.433072741,0.523334086,0.591964878,0.5985239720000001,0.618663555,0.5,0.235294118,0.133971292,0.257309942,0.06122449,0.103174603,0.446339301,0.415002509,0.6823702540000001,0.322022484,0.90860047,0.497383029,0.78905144,0.215417757,7.6,3,0,1,1
1991,star trek vi: the undiscovered country,0.685714286,0.658321399,0.431441702,0.650718519,0.6463200339999999,0.521353452,0.588768614,0.214285714,0.382352941,0.055023923,0.390142022,0.020408163,0.08730158699999999,0.412456623,0.461101352,0.668945108,0.0,0.8871500720000001,0.0,0.684356987,0.0,7.2,2,0,1,3
2002,star trek: nemesis,2.260869565,0.668916316,0.388428013,0.522111543,0.563884085,0.349169666,0.298121175,0.35714285700000004,0.264705882,0.078947368,0.426065163,0.081632653,0.103174603,0.463162088,0.566887445,0.602232667,0.28580402,0.825248808,0.428525641,0.626002017,0.213308458,6.4,1,0,1,1
1984,starman,2.588888889,0.61063396,0.368535409,0.367009834,0.386676915,0.510835735,0.5201894770000001,0.071428571,0.382352941,0.257177033,0.34001670799999995,0.224489796,0.166666667,0.496206876,0.518861711,0.6824614309999999,0.310480976,0.888883775,0.525274725,0.658523165,0.251599147,6.9,0,0,1,1
1995,strange days,0.121880433,0.505155792,0.381154965,0.607089476,0.732306135,0.506507101,0.561170029,0.14285714300000002,0.235294118,0.197368421,0.301587302,0.12244898,0.071428571,0.38897153,0.501489372,0.650234587,0.445561139,0.868894905,0.651538462,0.639959878,0.31691542300000003,7.1,3,0,1,1
1996,swingers,0.306561636,0.662211895,0.4701311520000001,0.413519128,0.51127565,0.0,0.0,0.642857143,0.147058824,0.138755981,0.583124478,0.040816327,0.079365079,0.590469193,0.55605355,0.619138717,0.33198673100000003,0.790044898,0.5884364000000001,0.638863145,0.26221832,7.6,2,3,2,0
1976,taxi driver,-0.810493071,0.520905466,0.323498297,0.323965997,0.409012206,0.0,0.0,0.28571428600000004,0.235294118,0.196172249,0.28237259800000003,0.244897959,0.253968254,0.578695972,0.59099612,0.597443829,0.300499548,0.817080655,0.557204447,0.5301204820000001,0.235459869,8.6,1,0,1,0
2000,thirteen days,21.52961,0.490697304,0.320441253,0.6423371170000001,0.714786787,0.295675024,0.364667963,0.571428571,0.147058824,0.130382775,0.147034252,0.12244898,0.222222222,0.381048449,0.453741956,0.642279222,0.306110706,0.70722836,0.501467998,0.704229953,0.216930614,7.3,1,2,0,1
1986,top gun,20.74044154,0.612875203,0.342667048,0.429634944,0.463841891,0.50193613,0.531156206,0.14285714300000002,0.382352941,0.151913876,0.421052632,0.183673469,0.214285714,0.500006928,0.50255896,0.5684450679999999,0.304575084,0.724459455,0.56570899,0.562637363,0.216507822,6.5,2,0,1,1
1990,total recall,-0.567915675,0.473327601,0.223797872,0.51094359,0.6113768310000001,0.5056575870000001,0.472513217,0.28571428600000004,0.352941176,0.124401914,0.302422723,0.06122449,0.150793651,0.286356954,0.480522969,0.567193676,0.365438303,0.863291971,0.557407407,0.6510590860000001,0.323106689,7.4,1,0,1,1
1990,tremors,22.78870673,0.529240141,0.402196017,0.437506428,0.596942299,0.6514346120000001,0.745285755,0.35714285700000004,0.117647059,0.07416267900000001,0.249791145,0.12244898,0.14285714300000002,0.5683499870000001,0.261723565,0.570731266,0.292230383,0.69045164,0.553372781,0.656547466,0.28932261800000003,7.1,3,0,1,1
1992,twin peaks: fire walk with me,3.020275708,0.5248288720000001,0.237559122,0.6183013079999999,0.679035545,0.6873442009999999,0.708921755,0.7857142859999999,0.529411765,0.307416268,0.279866332,0.6938775509999999,0.7222222220000001,0.427113209,0.519232625,0.64821595,0.31565233600000003,0.822911026,0.525356125,0.647467476,0.241017137,7.0,3,1,3,2
1994,new nightmare,3.415636364,0.949461536,1.0,0.7155146520000001,0.939273799,0.688437365,0.8051957940000001,0.28571428600000004,0.235294118,0.193779904,0.104427736,0.183673469,0.206349206,0.479724103,0.496017377,0.659426297,0.31132038100000003,0.803565848,0.500302847,0.7821299359999999,0.204019274,6.3,3,2,0,1
1990,wild at heart,-0.5839149,0.774160263,0.511169069,0.75896735,0.732303258,0.402271447,0.356256398,0.428571429,0.441176471,0.436602871,0.377610693,0.040816327,0.079365079,0.3722946070000001,0.553986124,0.718431087,0.325635084,0.838685993,0.518187857,0.678795617,0.249735777,7.2,2,1,3,1
1985,agnes of god,0.292155786,0.451527263,0.482907521,0.581951795,0.853371667,0.239951812,0.429521547,0.5,0.05882352900000001,1.0,0.012531328,0.14285714300000002,0.111111111,0.402860669,0.324947904,0.604422604,0.320472555,0.604435779,0.516198225,0.256410256,0.231056257,6.5,3,1,3,0
1979,alien,0.532657579,0.7065653590000001,0.419174535,0.6518562729999999,0.654086153,0.642493206,0.528872755,0.071428571,0.147058824,0.076555024,0.476190476,0.06122449,0.198412698,0.33869444,0.487270415,0.6458165379999999,0.0,0.86789197,0.0,0.6659421170000001,0.0,8.5,3,3,2,3
1950,all about eve,#DIV/0!,0.625708047,0.5008458370000001,0.0,0.0,0.0,0.0,0.428571429,0.147058824,0.935406699,0.335839599,0.102040816,0.14285714300000002,0.629601627,0.703495432,0.7262600440000001,0.34091605,0.8678314020000001,0.566253102,0.692348457,0.256138662,8.5,3,1,3,0
1999,american pie,8.539254636,0.656065244,0.499462106,0.650372272,0.7086554140000001,0.0,0.0,0.5,0.323529412,0.206937799,0.383458647,0.448979592,0.4920634920000001,0.816077642,0.6247040770000001,0.631193694,0.340443476,0.925695852,0.546745562,0.653533459,0.254253209,6.9,2,0,1,0
1997,an american werewolf in paris,-0.954669286,0.904259693,0.844199295,0.6056862820000001,0.7523480579999999,0.412878955,0.436632399,0.214285714,0.205882353,0.119617225,0.227234754,0.040816327,0.063492063,0.203490037,0.311956795,0.508611135,0.27655519,0.696340525,0.5198938989999999,0.51961498,0.20174987100000005,4.9,1,2,0,1
1997,anastasia,20.40754582,0.444623103,0.181534602,0.530073871,0.6202482220000001,0.465948484,0.507847581,0.28571428600000004,0.147058824,0.129186603,0.123642439,0.469387755,0.301587302,0.381569511,0.632682813,0.655539203,0.307232364,0.766915297,0.4812074000000001,0.625539478,0.26714528600000004,6.6,3,2,0,2
1977,annie hall,0.207748318,0.687781713,0.578757466,0.457286218,0.546362551,0.707324408,0.7353463029999999,0.7857142859999999,0.352941176,0.526315789,0.507936508,0.204081633,0.253968254,0.722099632,0.667979725,0.597140721,0.328308208,0.815136539,0.525723739,0.604143247,0.206708394,8.3,3,3,2,1
1998,antz,1.637817887,0.5801788170000001,0.364669037,0.631579742,0.740793508,0.637039596,0.614788413,0.28571428600000004,0.147058824,0.17583732100000002,0.142021721,0.265306122,0.404761905,0.354552582,0.700166229,0.532265412,0.314907873,0.7694671209999999,0.502564102,0.443676174,0.204432383,6.8,3,2,0,1
1979,apocalypse now,8.56285625,0.7029474659999999,0.291333914,0.882242627,0.732787948,0.0,0.0,0.214285714,0.529411765,0.052631579000000005,0.456975773,0.102040816,0.333333333,0.285101297,0.414908874,0.591573484,0.33257195100000003,0.803036106,0.571748252,0.623757196,0.334328358,8.6,0,3,2,0
1997,as good as it gets,1.86263105,0.578103281,0.365032031,0.434186829,0.506683656,0.6352180000000001,0.638905521,0.571428571,0.176470588,0.253588517,0.298245614,0.204081633,0.182539683,0.470421619,0.6800827759999999,0.611124,0.33536413600000003,0.766180718,0.556569095,0.663365248,0.261348127,7.8,3,0,1,1
1995,assassins,1.840012095,0.413755096,0.239342127,0.288256597,0.299020436,0.484203911,0.543145289,0.214285714,0.176470588,0.261961722,0.313283208,0.428571429,0.380952381,0.407343802,0.518300091,0.59711525,0.32668292,0.825070497,0.49581112,0.64886409,0.217230678,6.0,1,0,1,2
2002,a walk to remember,5.28356022,0.509549919,0.218111789,0.524323891,0.5774375270000001,0.0,0.0,0.214285714,0.147058824,0.234449761,0.264828739,0.102040816,0.055555556,0.5133387770000001,0.637044734,0.6661840410000001,0.28032470000000004,0.860121707,0.479921104,0.626780628,0.215384615,7.1,3,0,1,0
1985,back to the future,-0.39393856,0.583484444,0.4219970770000001,0.55761147,0.6309567739999999,0.447496499,0.586418502,0.28571428600000004,0.205882353,0.051435407,0.232247285,0.14285714300000002,0.246031746,0.478979727,0.5985122829999999,0.643318318,0.213660897,0.8003177440000001,0.4068376070000001,0.601709402,0.147042565,8.4,2,2,0,1
1973,badlands,2.747915364,0.498551291,0.376839236,0.318412377,0.427247427,0.450275669,0.506966457,0.28571428600000004,0.205882353,0.127990431,0.167084378,0.040816327,0.071428571,0.561547194,0.681930319,0.573841699,0.343794444,0.7259397059999999,0.581132076,0.598639456,0.27203604600000003,7.9,0,2,0,1
1991,barton fink,19.05840853,0.434120225,0.349289274,0.477115577,0.720122275,0.235198025,0.381182439,0.214285714,0.235294118,0.05861244,0.382623225,0.081632653,0.079365079,0.580892242,0.649544804,0.60894881,0.316582915,0.7820758329999999,0.495951417,0.642089094,0.148468185,7.8,1,0,1,0
1992,basic instinct,#DIV/0!,0.774525281,0.552596294,0.606047228,0.631806059,0.400321099,0.3623141620000001,0.214285714,0.205882353,0.229665072,0.314954052,0.102040816,0.103174603,0.423134543,0.339272289,0.684419714,0.376228971,0.8783577779999999,0.57826087,0.824032177,0.272550292,6.9,1,0,1,1
1996,basquiat,-0.316229,0.274191815,0.148533453,0.333618514,0.457845864,0.0,0.0,0.28571428600000004,0.529411765,0.06937799,0.29490392600000004,0.102040816,0.158730159,0.57911386,0.655728469,0.572386725,0.351758794,0.7642853390000001,0.502564102,0.61387632,0.278606965,6.7,2,0,1,0
1992,batman returns,6.202596408,0.538596444,0.379140566,0.540771109,0.7065978279999999,0.8669788690000001,0.8723349709999999,0.071428571,0.205882353,0.055023923,0.174603175,0.06122449,0.08730158699999999,0.355636131,0.557449551,0.565135135,0.351758794,0.825780161,0.538461538,0.6002051279999999,0.26119403,6.9,0,2,0,1
1995,batman forever,0.016591207,0.5811694789999999,0.354302718,0.6451564879999999,0.661712883,0.960939543,0.85448564,0.071428571,0.235294118,0.077751196,0.22556391,0.551020408,0.5555555560000001,0.363389554,0.509967785,0.710781883,0.306989493,0.880405998,0.6265734270000001,0.7555869209999999,0.15196743599999998,5.4,1,2,0,2
1989,batman,2.5,0.723617878,0.568097622,0.389476143,0.51982306,0.346696644,0.381667667,0.14285714300000002,0.352941176,0.124401914,0.176274018,0.020408163,0.071428571,0.334760703,0.590635713,0.7443923509999999,0.304857621,0.948696905,0.529487179,0.798185941,0.174129353,7.6,1,2,0,1
1996,beavis and butt-head do america,2.36529144,0.482120165,0.41104579,0.482524568,0.604634019,0.566042987,0.6677677120000001,0.071428571,0.205882353,0.019138756,0.228070175,0.244897959,0.238095238,0.693996853,0.365470943,0.630900592,0.0,0.8242682440000001,0.0,0.718651212,0.0,6.6,1,2,0,3
1979,being there,10.7528264,0.607897763,0.192790953,0.502641049,0.478556923,0.0,0.0,0.571428571,0.558823529,0.251196172,0.446115288,0.0,0.063492063,0.895526899,1.0,0.625177305,0.381909548,0.828034149,0.687179487,0.662520459,0.368159204,8.0,2,3,2,0
1999,being john malkovich,-1,0.64179438,0.465229367,0.453073069,0.538161952,0.869645955,0.879311411,0.571428571,0.294117647,0.318181818,0.304093567,0.081632653,0.134920635,0.6494097320000001,0.75765107,0.586729037,0.310720268,0.800696593,0.538461538,0.599780847,0.2960199,7.9,3,1,3,1
1998/I,beloved,#DIV/0!,0.505762333,0.240417436,0.614439775,0.6775991859999999,0.0,0.0,0.35714285700000004,0.147058824,0.16507177,0.135338346,0.040816327,0.047619048,0.5229146720000001,0.616333394,0.718664317,0.327105614,0.76605665,0.5495069029999999,0.703084356,0.258961602,5.6,3,2,0,0
2002,blade ii,0.758738154,0.567075456,0.448247849,0.6957874620000001,0.8678809470000001,0.767859842,0.7636497440000001,0.071428571,0.235294118,0.050239234,0.13700919,1.0,0.920634921,0.097138288,0.338295504,0.599120652,0.0,0.8382569879999999,0.0,0.609986504,0.0,6.6,1,2,0,2
1998,blade,#DIV/0!,0.639023153,0.417799092,0.5175816560000001,0.66197422,0.7258184059999999,0.790097515,0.28571428600000004,0.117647059,0.133971292,0.133667502,0.510204082,0.952380952,0.35991807200000003,0.439087121,0.5821397429999999,0.298388494,0.781309843,0.389920424,0.753869786,0.237776634,7.0,1,2,0,2
2001,blow,1.870556148,0.338254806,0.036463066,0.553457404,0.636036397,0.433117865,0.443470167,0.428571429,0.441176471,0.15789473699999998,0.46449457,0.224489796,0.206349206,0.57387686,0.677289343,0.571482907,0.350950153,0.717717451,0.554553493,0.603328239,0.244981987,7.4,1,3,2,1
1966,la battaglia di algeri,1.915189556,0.62108723,0.217666259,0.599309385,0.7204865359999999,0.84196647,0.6872677070000001,0.28571428600000004,0.323529412,0.025119617,0.090225564,0.367346939,0.079365079,0.60229262,0.5692685710000001,0.5246724,0.0,0.722804452,0.0,0.675213675,0.0,8.2,1,2,0,3
1993,body of evidence,0.571364075,0.47055845,0.224978414,0.555825859,0.592796147,0.281888127,0.276387438,0.428571429,0.352941176,0.263157895,0.428571429,0.12244898,0.174603175,0.387138009,0.44719637,0.642458827,0.515912898,0.852819807,0.981196581,0.718513032,0.278606965,4.1,3,3,2,1
1996,bound,0.151935,0.654129339,0.400987893,0.37086574,0.446160823,0.261566136,0.309310309,0.14285714300000002,0.117647059,0.43062201,0.180451128,0.204081633,0.023809524,0.438094829,0.30888995,0.6816437890000001,0.34853657600000004,0.873571773,0.575455079,0.647739222,0.216930614,7.5,3,1,3,0
1985,brazil,-0.557546833,0.442278355,0.139112187,0.605303519,0.67228776,0.453151913,0.45246818,0.571428571,0.323529412,0.15430622,0.411862991,0.081632653,0.19047619,0.391540541,0.6010840239999999,0.5640241779999999,0.373222042,0.7494848279999999,0.610560626,0.56845297,0.251454591,8.0,3,0,1,1
1987,broadcast news,0.558070444,0.5719644229999999,0.381808727,0.445807514,0.522359114,0.59527603,0.598738721,0.35714285700000004,0.294117647,0.299043062,0.392648287,0.204081633,0.19047619,0.618756943,0.6701337479999999,0.717380646,0.338786129,0.906105427,0.4834697220000001,0.759811618,0.229702551,7.1,3,0,1,1
1959,a bucket of blood,-1,0.544081589,0.345264456,0.60609108,0.6457715999999999,0.0,0.0,0.214285714,0.235294118,0.127990431,0.295739348,0.0,0.047619048,0.7646406920000001,0.6125269320000001,0.6787714009999999,0.2496992,0.868846331,0.431780426,0.7146797420000001,0.182467942,6.8,2,0,1,0
1992,buffy the vampire slayer,1.5624702,0.783531243,0.665748621,0.538854907,0.554156105,0.456956412,0.52671816,0.5,0.323529412,0.438995215,0.238095238,0.040816327,0.015873016,0.60145377,0.54200195,0.546286941,0.321974838,0.717696876,0.5270634470000001,0.63263839,0.234121364,5.3,3,1,3,1
1995,casino,-1,0.268897098,0.003572741,0.45400739,0.6134772479999999,0.395180991,0.447884385,0.642857143,1.0,0.394736842,1.0,0.06122449,0.03968254,0.5140507089999999,0.529022101,0.62428019,0.30101326300000003,0.8101601490000001,0.576418663,0.600071779,0.253486665,8.1,2,3,2,1
2004,catwoman,1.374922286,0.656457,0.465237602,0.6517134410000001,0.793812098,1.0,1.0,0.14285714300000002,0.294117647,0.026315789,0.274018379,0.857142857,0.936507937,0.527507655,0.611649762,0.604509148,0.292754093,0.7505596859999999,0.528039702,0.542779099,0.249398171,3.2,3,0,1,2
2004,cellular,1.232930288,0.5617016539999999,0.437144193,0.576522784,0.6537273029999999,0.340606033,0.378498637,0.28571428600000004,0.235294118,0.039473684,0.5655806179999999,0.102040816,0.246031746,0.403361541,0.46509763,0.54185022,0.31238497,0.680988768,0.502120924,0.581497797,0.244211044,6.5,3,3,2,1
1963,charade,-0.17897621,0.401827836,0.233283281,0.552847934,0.669440589,0.5644261389999999,0.565469784,0.14285714300000002,0.352941176,0.035885167,0.6984126979999999,0.12244898,0.150793651,0.637453929,0.529476939,0.672131147,0.37520938,0.877033484,0.358974359,0.733201225,0.334328358,8.0,2,3,2,1
2000,cherry falls,1.25690748,0.6918907009999999,0.537666944,0.534707666,0.650445555,0.284335417,0.28857873,0.642857143,0.382352941,0.30861244,0.173767753,0.081632653,0.08730158699999999,0.33746356,0.432210091,0.635297557,0.320760893,0.771963292,0.539699381,0.5749506910000001,0.230571282,4.8,3,1,3,1
1974,chinatown,2.368647,0.595666304,0.494023886,0.31440572,0.43685689,0.581409034,0.644832701,0.571428571,0.5,0.232057416,0.5563909770000001,0.102040816,0.071428571,0.443883304,0.5352699089999999,0.5878009829999999,0.35872654,0.8075262,0.517473581,0.637948718,0.228315293,8.5,2,3,2,1
1941,citizen kane,#DIV/0!,0.526286798,0.257819613,0.618250347,0.7025026440000001,0.0,0.0,0.28571428600000004,0.470588235,0.406698565,0.277360067,0.102040816,0.222222222,0.491311698,0.636903867,0.605501931,0.328426945,0.714745308,0.554547225,0.596336997,0.245456263,8.6,1,1,3,0
1993,cliffhanger,4,0.546500833,0.430853398,0.486119337,0.662690028,0.303634051,0.403019433,0.35714285700000004,0.205882353,0.17224880399999998,0.269005848,0.14285714300000002,0.158730159,0.493477266,0.456683248,0.668161296,0.4528894470000001,0.900706131,0.8009615379999999,0.624772635,0.391791045,6.2,1,0,1,1
1971,a clockwork orange,26.64907404,0.736585009,0.7292466959999999,0.565417009,0.57023656,0.529674694,0.565203016,0.5,0.352941176,0.093301435,0.303258145,0.06122449,0.063492063,0.417900234,0.641723166,0.663205256,0.520603015,0.821141325,0.818461538,0.655086849,0.417910448,8.5,1,0,1,1
2004,collateral,2.642860157,0.793454303,0.475626991,0.47849502,0.485372721,0.424873763,0.35092111200000004,0.28571428600000004,0.264705882,0.09569378,0.413533835,0.673469388,0.849206349,0.295329309,0.410780555,0.613510326,0.315212426,0.8248267490000001,0.514685315,0.601354621,0.246947083,7.8,1,0,1,2
1997,conspiracy theory,11.08590909,0.411081109,0.376721886,0.5233665989999999,0.695341468,0.667694338,0.7566999759999999,0.0,0.264705882,0.0,0.428571429,0.06122449,0.095238095,0.34608695799999994,0.474746217,0.74508454,0.40115471,0.93193398,0.607201309,0.8020415609999999,0.253413782,6.5,2,0,1,1
1997,contact,2.350219862,0.526099973,0.420595533,0.648000389,0.819232562,0.660956012,0.722833024,0.214285714,0.323529412,0.333732057,0.217209691,0.8979591840000001,1.0,0.575388695,0.573827926,0.594267655,0.312375274,0.6997319040000001,0.500846522,0.418527709,0.241948154,7.4,3,1,3,2
1967,cool hand luke,0.826437787,0.620593298,0.43645858,0.411104127,0.488771471,0.0,0.0,0.214285714,0.235294118,0.055023923,0.220551378,0.020408163,0.198412698,0.28231610100000004,0.639813202,0.6520636160000001,0.308766052,0.864103135,0.460683761,0.741275572,0.266998342,8.3,1,2,0,0
1995,copycat,0.901336989,0.8638444609999999,0.7209179840000001,0.639104718,0.748956209,0.365690538,0.4034649420000001,0.28571428600000004,0.264705882,0.419856459,0.170426065,0.06122449,0.126984127,0.308090737,0.463883378,0.606821107,0.37041656,0.818660976,0.562305821,0.475841618,0.272506083,6.5,3,1,3,1
2004/I,crash,4.405924333,0.910639005,0.739167053,0.46654866,0.529817612,0.0,0.0,0.14285714300000002,0.05882352900000001,0.034688995,0.093567251,0.06122449,0.079365079,0.5263413579999999,0.333948415,0.527027027,0.330584964,0.75407049,0.556235997,0.5228267670000001,0.223156065,8.0,3,2,0,0
1999,cruel intentions,#DIV/0!,0.527518161,0.307485039,0.582994651,0.6508577489999999,0.299938539,0.336730563,0.571428571,0.147058824,0.5203349279999999,0.309106099,0.020408163,0.055555556,0.514053358,0.6161003970000001,0.66712631,0.345813575,0.926081961,0.5330010829999999,0.66771324,0.257809544,6.7,3,1,3,1
1998,dark city,-1,0.850138372,0.541026856,0.594938309,0.49134561,0.322228439,0.301000149,0.28571428600000004,0.205882353,0.035885167,0.153717627,0.326530612,0.373015873,0.505990743,0.548406849,0.5779128410000001,0.298994975,0.814397681,0.7538461540000001,0.57759784,0.208955224,7.8,1,2,0,1
1993,dave,6.228781714,0.5966290129999999,0.249065661,0.55760951,0.504415037,0.0,0.0,0.14285714300000002,0.176470588,0.087320574,0.356725146,0.081632653,0.158730159,0.462606492,0.6258663000000001,0.741859653,0.0,0.878354538,0.0,0.704287098,0.0,6.8,3,0,1,3
1985,day of the dead,0.007419111,0.847222261,0.744290736,0.453970638,0.601055942,0.0,0.0,0.35714285700000004,0.235294118,0.089712919,0.107769424,0.020408163,0.03968254,0.155225646,0.229796973,0.617312194,0.291959799,0.7826729440000001,0.506153846,0.684029882,0.245522388,7.0,0,2,0,0
1989,dead poets society,#DIV/0!,0.465956253,0.326931894,0.0,0.0,0.0,0.0,0.14285714300000002,0.352941176,0.05861244,0.366750209,0.020408163,0.063492063,0.673754503,0.598800728,0.644263779,0.198925663,0.914401055,0.419628647,0.719133061,0.194544519,7.8,1,0,1,0
1993,demolition man,8.714285714,0.49067882,0.332610062,0.616819281,0.6826954709999999,0.472155093,0.516663975,0.28571428600000004,0.205882353,0.029904306,0.229741019,0.510204082,0.76984127,0.602403978,0.421650785,0.681912682,0.206916938,0.969421999,0.34208144799999995,0.729783038,0.147497805,6.3,0,2,0,2
1988,die hard,13.38171439,0.443655165,0.332720309,0.407515868,0.745383811,0.431290229,0.355264966,0.071428571,0.264705882,0.008373206,0.21219716,0.204081633,0.5,0.6521200779999999,0.491673392,0.662136568,0.0,0.871394914,0.0,0.7435897440000001,0.0,8.3,3,2,0,3
1975,dog day afternoon,1.79045207,0.75530532,0.508634703,0.470054243,0.483284136,0.0,0.0,0.5,0.323529412,0.083732057,0.461988304,0.102040816,0.182539683,0.387005979,0.484745819,0.645772462,0.252438664,0.760343453,0.677828054,0.655578656,0.270412643,8.2,3,3,2,0
2005,domino,4.027427,0.576735311,0.311282269,0.677581398,0.6526317229999999,0.564915559,0.549502548,0.7857142859999999,0.147058824,0.163875598,0.08521303300000001,0.204081633,0.134920635,0.277293229,0.346283045,0.786756757,0.32797791800000003,0.964075067,0.582448537,0.767179487,0.247214631,5.9,3,2,0,1
1989,do the right thing,24.92547556,0.484468128,0.238494004,0.0,0.0,0.0,0.0,0.214285714,0.382352941,0.093301435,0.363408521,0.040816327,0.103174603,0.355743123,0.407219937,0.632938432,0.315577889,0.816191587,0.566153846,0.589398644,0.202985075,7.9,2,0,1,0
1984,dune,-0.54110996,0.629555972,0.382644681,0.519863138,0.657464035,0.604885318,0.59393559,0.14285714300000002,0.294117647,0.057416268,0.131161236,0.346938776,0.214285714,0.346821429,0.575176979,0.726746227,0.325702587,0.993001636,0.514529915,0.76923077,0.247650636,6.5,3,2,0,2
1994,ed wood,4.737760769,0.395563773,0.17877539,0.579314508,0.760185124,0.55991007,0.657171894,0.571428571,0.382352941,0.183014354,0.514619883,0.265306122,0.293650794,0.601903992,0.618106741,0.671513513,0.352237377,0.844662735,0.552380952,0.7274666670000001,0.264392324,8.1,3,3,2,1
1999,edtv,-0.22685775,0.586908003,0.360766855,0.0,0.0,0.0,0.0,0.642857143,0.264705882,0.222488038,0.365914787,0.0,0.079365079,0.472554869,0.6152159460000001,0.66910353,0.299445948,0.8750006109999999,0.527416174,0.725421513,0.198239571,6.1,1,0,1,0
1999,election,-0.672919056,0.503965145,0.373451969,0.335152993,0.476810127,0.0,0.0,0.5,0.205882353,0.178229665,0.188805347,0.102040816,0.08730158699999999,0.593336568,0.8322097159999999,0.644461078,0.351758794,0.855982405,0.484615385,0.6857055120000001,0.313432836,7.4,3,2,0,0
1997,l.a. confidential,-1,0.806597683,0.725268095,0.507411346,0.5345734010000001,0.7537273,0.683765513,0.214285714,0.5,0.093301435,0.481203008,0.387755102,0.587301587,0.581972191,0.436106033,0.633325106,0.0,0.802510395,0.0,0.60617414,0.0,8.4,1,3,2,3
1998,enemy of the state,#DIV/0!,0.500568559,0.189003014,0.353198205,0.388185503,0.262157328,0.263446136,0.5,0.794117647,0.082535885,0.673350042,0.040816327,0.111111111,0.417454097,0.484076431,0.655201131,0.312674484,0.817569674,0.7418803420000001,0.648062016,0.417910448,7.2,1,3,2,0
2000,erin brockovich,2.606198286,0.368106427,0.038972044,0.43501886,0.468709927,0.601877705,0.612197203,0.7857142859999999,0.294117647,0.522727273,0.244778613,0.673469388,0.5,0.424342471,0.569417765,0.5548810000000001,0.31322441300000003,0.780985155,0.54441438,0.7106008420000001,0.250956274,7.2,3,1,3,2
1971,escape from the planet of the apes,1.784998178,0.686548341,0.602083159,0.195161549,0.276301309,0.0,0.0,0.214285714,0.088235294,0.019138756,0.025898079,0.040816327,0.079365079,0.650925975,0.581486791,0.459459459,0.281407035,0.8108284840000001,0.430769231,0.687929957,0.371475954,6.1,1,2,0,0
1996,escape from l.a.,3.928293962,0.490060138,0.367560426,0.549976238,0.584831071,0.409471133,0.472276043,0.28571428600000004,0.205882353,0.049043062000000005,0.171261487,0.14285714300000002,0.19047619,0.35355102200000005,0.393345696,0.671615944,0.33257195100000003,0.896749048,0.313286713,0.805860806,0.113975577,5.3,1,2,0,1
1997,face/off,3.939562,0.5204463229999999,0.386401513,0.57719053,0.6992818670000001,0.4456342820000001,0.499573647,0.35714285700000004,0.264705882,0.111244019,0.209690894,0.183673469,0.341269841,0.36278108,0.512319376,0.578802866,0.0,0.8392425309999999,0.0,0.637257076,0.0,7.3,1,2,0,3
1966,fantastic voyage,-0.1544527,0.641403665,0.431054224,0.544057329,0.59173145,0.0,0.0,0.14285714300000002,0.205882353,0.057416268,0.293233083,0.06122449,0.08730158699999999,0.668759,0.454377901,0.5941500710000001,0.32017229,0.821257232,0.6,0.601214575,0.264392324,6.8,0,0,1,0
1996,fargo,2.070951825,0.6512857910000001,0.412449993,0.356586487,0.429111825,0.276486902,0.295544734,0.28571428600000004,0.588235294,0.224880383,0.431913116,0.102040816,0.03968254,0.57175114,0.611715705,0.631158992,0.309547739,0.87372814,0.49065666,0.654942143,0.250746269,8.3,2,3,2,0
1999,fight club,1.346041056,0.6872710890000001,0.4512166,0.393918322,0.464091296,0.60971469,0.6294923179999999,0.5,0.264705882,0.159090909,0.537176274,0.489795918,0.642857143,0.354483764,0.427575071,0.585862231,0.403350084,0.77007055,0.653333333,0.605525316,0.222885572,8.8,1,3,2,2
2003,final destination 2,7.658853571,0.919474211,0.647537997,0.378800664,0.409757058,0.0,0.0,0.5,0.235294118,0.18062201,0.08437761099999999,0.510204082,0.484126984,0.198914844,0.2827659,0.3970720720000001,0.323305416,0.8865058090000001,0.5226666670000001,0.413675214,0.228457712,6.4,3,2,0,0
2000,final destination,0.600853222,0.693626176,0.6005402,0.32618194,0.343784295,0.0,0.0,0.14285714300000002,0.117647059,0.052631579000000005,0.076858814,0.367346939,0.412698413,0.34464564,0.278430561,0.627795061,0.0,0.8107701509999999,0.0,0.5600442729999999,0.0,6.8,1,2,0,3
1985,rambo: first blood part ii,2.477938654,0.535529337,0.350642953,0.617932402,0.641016841,0.414350031,0.410815861,0.071428571,0.205882353,0.029904306,0.211361738,0.081632653,0.158730159,0.237856201,0.471863376,0.657189657,0.303919598,0.847649223,0.5169230770000001,0.654456655,0.259104478,5.8,0,2,0,1
1970,five easy pieces,1.317491913,0.54180868,0.237482908,0.0,0.0,0.0,0.0,0.428571429,0.205882353,0.267942584,0.234753551,0.040816327,0.03968254,0.637962905,0.592409579,0.660026971,0.244928345,0.877060191,0.422792023,0.759955222,0.154781647,7.5,3,1,3,0
1985,fletch,5.827282545,0.578548442,0.312302861,0.538697173,0.631612145,0.6476609729999999,0.643968824,0.5,0.411764706,0.101674641,0.5271512110000001,0.0,0.047619048,0.542127981,0.561186903,0.701561951,0.286818709,0.8092723479999999,0.778698225,0.6853886859999999,0.24110218100000005,6.7,1,3,2,1
1982,friday the 13th part iii,#DIV/0!,0.660139065,0.551406932,0.0,0.0,0.0,0.0,0.28571428600000004,0.117647059,0.107655502,0.08437761099999999,0.020408163,0.063492063,0.419435091,0.502979909,0.6519687789999999,0.409483314,0.69353795,0.5936883629999999,0.544650752,0.358974359,5.1,3,2,0,0
1989,friday the 13th part viii: jason takes manhattan,6.451611,0.661381901,0.568280414,0.0,0.0,0.0,0.0,0.428571429,0.117647059,0.155502392,0.079365079,0.020408163,0.031746032,0.5086366170000001,0.397891524,0.587837838,0.34572864299999995,0.88920857,0.662564103,0.669585158,0.29850746300000003,3.9,3,2,0,0
1997,gattaca,8.17251675,0.476772192,0.228833862,0.46856581,0.550774023,0.483306031,0.49931847,0.214285714,0.352941176,0.108851675,0.23893066,0.204081633,0.23015873,0.146569191,0.441455629,0.663767728,0.266788488,0.88870013,0.447552448,0.66277397,0.16824966100000002,7.8,1,0,1,2
2000,get carter,1.8,0.444784888,0.247743256,0.473894255,0.56288899,0.404794178,0.420734392,0.5,0.294117647,0.169856459,0.271512114,0.020408163,0.055555556,0.348786074,0.570788195,0.6415362729999999,0.381523,0.792128994,0.741420118,0.6369770579999999,0.38576349,4.8,1,0,1,1
1992,glengarry glen ross,-0.651867306,0.0,0.093965064,0.0,0.0,0.0,0.0,0.0,0.176470588,0.0,0.7736006679999999,0.244897959,0.206349206,0.366939495,0.443845304,0.5946091410000001,0.0,0.819111328,0.0,0.653363142,0.0,7.9,0,3,2,3
2000,gone in sixty seconds,-0.694764261,0.4603139120000001,0.213980773,0.512831595,0.54868251,0.366412737,0.347822817,0.214285714,0.352941176,0.100478469,0.471177945,0.183673469,0.182539683,0.268830526,0.495344327,0.626395981,0.0,0.848206307,0.0,0.6412225770000001,0.0,6.0,1,3,2,3
1990,goodfellas,-0.14198176,0.746170965,0.514868738,0.410035421,0.49452029,0.312044306,0.368886513,0.214285714,0.323529412,0.077751196,0.187969925,0.306122449,0.396825397,0.25318621,0.321042844,0.565467153,0.34634712,0.755771104,0.704142012,0.5915682320000001,0.433983926,8.8,3,2,0,2
1997,good will hunting,1.6355811,0.5184069339999999,0.272357543,0.0,0.0,0.0,0.0,0.28571428600000004,0.382352941,0.149521531,0.6274018379999999,0.244897959,0.404761905,0.555085509,0.5774124589999999,0.619188385,0.355497293,0.7954806590000001,0.551467856,0.617826619,0.264474728,8.1,0,3,2,0
1997,grosse pointe blank,0.87345576,0.579490174,0.361376953,0.517913815,0.628600764,0.601028801,0.626739909,0.428571429,0.352941176,0.135167464,0.266499582,0.020408163,0.055555556,0.530745959,0.54032067,0.6746948559999999,0.273130358,0.91689008,0.528671329,0.805210918,0.219011892,7.4,3,0,1,1
1995,hackers,21.5933435,0.508603395,0.24166118,0.505386335,0.679449491,0.39564574,0.484719009,0.14285714300000002,0.441176471,0.105263158,0.274853801,0.081632653,0.182539683,0.409945702,0.51064642,0.5762162160000001,0.375532837,0.867969778,0.52137931,0.701538462,0.270921256,5.8,2,0,1,1
1978,halloween,#DIV/0!,0.80034522,0.607764585,0.333187029,0.3668506070000001,0.0,0.0,0.428571429,0.176470588,0.245215311,0.09273183,0.081632653,0.08730158699999999,0.330713647,0.4283418020000001,0.572279516,0.33583555600000004,0.747989276,0.5451092120000001,0.638326586,0.297524722,7.9,3,2,0,0
1986,hannah and her sisters,-0.6218136,0.654328471,0.433401354,0.452794893,0.532734928,0.683143293,0.684397722,0.571428571,0.264705882,0.783492823,0.35254803700000004,0.081632653,0.047619048,0.669765596,0.719221931,0.673933463,0.350205285,0.8661320770000001,0.580926959,0.639990802,0.261688403,7.9,3,1,3,1
2001,hannibal,232.3333333,0.71696989,0.503761109,0.209101778,0.256455097,0.0,0.0,0.428571429,0.441176471,0.315789474,0.334168755,0.326530612,0.396825397,0.504324192,0.656200193,0.685249873,0.257785277,0.859952451,0.446490736,0.721625545,0.189127356,6.4,3,1,3,0
1989,heathers,5.263131406,0.766667598,0.643858542,0.616387895,0.7362739490000001,0.0,0.0,0.5,0.205882353,0.314593301,0.13283208,0.040816327,0.055555556,0.431009512,0.369824308,0.6885526829999999,0.31162524,0.903368691,0.50738255,0.600891862,0.260843434,7.3,3,2,0,0
1994,heavenly creatures,3.042439862,0.633462898,0.349832067,0.441432986,0.540961473,0.747173605,0.832438969,0.214285714,0.0,0.222488038,0.015037594,0.020408163,0.055555556,0.446530707,0.927447549,1.0,0.32802567,0.956777611,0.4917516220000001,0.935584741,0.216507822,7.6,3,2,0,1
1992/I,hero,#DIV/0!,0.698428123,0.59112603,0.544087346,0.609916889,0.0,0.0,0.28571428600000004,0.294117647,0.138755981,0.22556391,0.040816327,0.023809524,0.535666105,0.524455903,0.747328724,0.303294249,0.937402581,0.617435897,0.7018485390000001,0.325041459,6.3,1,2,0,0
1999,house on haunted hill,-0.390173,0.7646528159999999,0.6447271,0.612963875,0.726219389,0.379080937,0.366624848,0.35714285700000004,0.147058824,0.199760766,0.255639098,0.0,0.0,0.237213363,0.434344722,0.610472091,0.416058789,0.806361517,0.62299421,0.639218049,0.377467501,5.3,3,0,1,1
1992,hellraiser iii: hell on earth,-1,0.8127585409999999,0.858848072,0.0,0.0,0.0,0.0,0.28571428600000004,0.117647059,0.198564593,0.06182122,0.020408163,0.126984127,0.613551014,0.8706857509999999,0.517465579,0.283461101,0.802873185,0.52824256,0.6918238990000001,0.204379562,5.1,3,2,0,0
1991,hudson hawk,-1,0.5559614420000001,0.367167251,0.67470011,0.7128690940000001,0.659276438,0.685869043,0.28571428600000004,0.205882353,0.123205742,0.237259816,0.020408163,0.071428571,0.466741273,0.456596257,0.652528505,0.288757219,0.7947386059999999,0.5545350170000001,0.65224359,0.224548897,5.4,3,0,1,1
1943,i walked with a zombie,1.5069922,0.814652203,0.8846073940000001,0.0,0.0,0.0,0.0,0.214285714,0.147058824,0.192583732,0.111111111,0.040816327,0.095238095,0.579052304,0.465180471,0.736640049,0.329235108,0.853765537,0.511644877,1.0,0.241165713,7.3,3,2,0,0
2002/I,insomnia,-0.735106462,0.679880265,0.482693181,0.408334068,0.468621722,0.6893180809999999,0.6527733960000001,0.35714285700000004,0.117647059,0.096889952,0.167084378,0.06122449,0.119047619,0.528074049,0.494267802,0.681912682,0.267436473,0.874107126,0.442989635,0.75739645,0.210437176,7.3,1,2,0,1
1998,i still know what you did last summer,#DIV/0!,0.719161458,0.666441086,0.54030762,0.726293667,0.300363469,0.425852259,0.28571428600000004,0.205882353,0.2715311,0.111111111,0.428571429,0.436507937,0.539804194,0.442269614,0.460557432,0.270468953,0.664879357,0.489372112,0.507692308,0.211170297,4.1,3,2,0,2
1945,isle of the dead,#DIV/0!,0.678819615,0.511405256,0.743000195,0.873449485,0.837432469,0.861212283,0.14285714300000002,0.147058824,0.09569378,0.168755221,0.020408163,0.031746032,0.312341012,0.327859391,0.557065217,0.26608289,0.769670125,0.509672506,0.570234114,0.202748633,6.6,3,2,0,1
1978,jaws 2,-0.384582892,0.304721213,0.051263208,0.0,0.0,0.0,0.0,0.5,0.5,0.179425837,0.4168755220000001,0.040816327,0.150793651,0.413642296,0.470628078,0.695624742,0.364042434,0.870890363,0.5162393160000001,0.75085978,0.271973466,5.6,2,0,1,0
1983,jaws 3-d,#DIV/0!,0.329604924,0.074974001,0.0,0.0,0.0,0.0,0.28571428600000004,0.323529412,0.25,0.279866332,0.020408163,0.111111111,0.394503569,0.554359794,0.62769415,0.339279947,0.898428751,0.509392921,0.556962025,0.213789663,3.3,3,0,1,0
1987,jaws: the revenge,8.39420035,0.319923928,0.092342533,0.0,0.0,0.0,0.0,0.35714285700000004,0.147058824,0.279904306,0.328320802,0.040816327,0.111111111,0.432187548,0.480200006,0.634040731,0.32898597,0.870898312,0.562738995,0.750812568,0.224657061,2.6,3,0,1,0
1996,jerry maguire,3.292051463,0.608843159,0.416236914,0.489248787,0.5296243389999999,0.667832068,0.6765617190000001,0.428571429,0.235294118,0.214114833,0.326649958,0.020408163,0.047619048,0.622396404,0.6763796540000001,0.636311226,0.28241206,0.820320435,0.46,0.5814299470000001,0.213432836,7.3,2,0,1,1
2001,jurassic park iii,1.255696217,0.469655143,0.26246046100000003,0.4315333870000001,0.64267676,0.551723779,0.568112245,0.14285714300000002,0.088235294,0.088516746,0.174603175,0.489795918,0.7222222220000001,0.800588188,0.601009088,0.61384406,0.273749701,0.77967867,0.445421245,0.592510607,0.204690831,5.7,2,2,0,2
1993,jurassic park,4.47105184,0.484015043,0.35866733100000003,0.493712194,0.651391519,0.562693739,0.613731551,0.214285714,0.264705882,0.185406699,0.318295739,0.6122448979999999,0.682539683,0.4465390520000001,0.60483013,0.615811671,0.303919598,0.804631069,0.458529915,0.564102564,0.198739635,7.9,3,0,1,2
2003,freddy vs. jason,2.965385043,0.8362009909999999,0.804067531,0.372635056,0.466236128,0.0,0.0,0.28571428600000004,0.088235294,0.21291866,0.035923141,0.591836735,0.976190476,0.191765404,0.47204734,0.852390852,0.338534779,0.8183130540000001,0.568421053,0.6074950689999999,0.207384132,5.8,3,2,0,0
2005,king kong,13.6047619,0.8191330929999999,0.69067594,0.408670381,0.5617492829999999,0.661661195,0.697683013,0.14285714300000002,0.117647059,0.052631579000000005,0.080200501,0.040816327,0.14285714300000002,0.382654545,0.592447148,0.681912682,0.322896534,0.941060012,0.505325444,0.971992111,0.283964791,7.6,0,2,0,1
1971,klute,2.830294333,0.7761332890000001,0.611654142,0.563302326,0.530403167,0.31286722100000003,0.295551956,0.428571429,0.176470588,0.2284689,0.223893066,0.06122449,0.063492063,0.523394531,0.426977746,0.543147478,0.329708243,0.766967132,0.550998852,0.488592772,0.244508799,7.2,3,2,0,1
1979,kramer vs. kramer,13.88095238,0.5090168829999999,0.275128399,0.0,0.0,0.0,0.0,0.5,0.264705882,0.12679425800000002,0.40267335,0.183673469,0.174603175,0.507965068,0.606822885,0.63743112,0.348221555,0.814961347,0.547486033,0.662683595,0.28950221,7.7,1,0,1,0
1989,leviathan,-1,0.495533711,0.43482691,0.437733088,0.6720765870000001,0.46225914,0.657909166,0.14285714300000002,0.205882353,0.065789474,0.229741019,0.183673469,0.150793651,0.563788579,0.381132997,0.670521873,0.0,0.858552923,0.0,0.640332641,0.0,5.3,3,2,0,3
1998,"lock, stock and two smoking barrels",12.2825,0.655076357,0.545009438,0.276324485,0.35609764,0.0,0.0,0.28571428600000004,0.529411765,0.072966507,0.291562239,0.06122449,0.055555556,0.7214806990000001,0.457944175,0.6084026810000001,0.388464059,0.7772023,0.501003345,0.617899812,0.181700195,8.2,1,0,1,0
1996,lone star,-0.37181544,0.578374246,0.310076256,0.581344376,0.6602197870000001,0.658799653,0.650783494,0.928571429,0.705882353,0.320574163,0.512113617,0.102040816,0.134920635,0.529823515,0.4556028,0.597718559,0.282306099,0.831972505,0.481690833,0.657955006,0.198941395,7.6,2,3,2,1
2003,lost in translation,1.887088148,0.54739576,0.110338285,0.61639499,0.580056262,0.0,0.0,0.35714285700000004,0.088235294,0.184210526,0.14285714300000002,0.346938776,0.222222222,0.62942812,0.6904073490000001,0.606188292,0.34805607,0.834165982,0.574358974,0.6244677829999999,0.278606965,7.9,3,2,0,0
1999,magnolia,1.6539926,0.455750064,0.224449324,0.0,0.0,0.0,0.0,1.0,0.6176470589999999,0.411483254,0.6407685879999999,0.163265306,0.26984127,0.299847102,0.5315526070000001,0.674739095,0.3310671,0.833156372,0.535646053,0.6981467379999999,0.249926837,8.0,1,3,2,0
1986,manhunter,28.930964,0.613518311,0.49068216,0.236687864,0.31141523600000004,0.0,0.0,0.428571429,0.441176471,0.12679425800000002,0.472013367,0.06122449,0.150793651,0.493335893,0.500707539,0.576353443,0.381909548,0.771404145,0.7538461540000001,0.571088354,0.223880597,7.2,1,3,2,0
1999,man on the moon,0.309508189,0.243582318,0.114705822,0.531575021,0.747104384,0.432834505,0.593037804,0.214285714,0.382352941,0.044258373,0.263157895,0.12244898,0.08730158699999999,0.487388337,0.567570381,0.643156314,0.30305373,0.897198313,0.463905325,0.583895637,0.25717566,7.4,1,0,1,1
1998,meet joe black,-0.4252714,0.5376666999999999,0.207110646,0.684964007,0.7509013920000001,0.654747332,0.637923252,0.5,0.176470588,0.35645933,0.662489557,0.530612245,0.436507937,0.684735339,0.716985133,0.651185289,0.343262205,0.808424336,0.558751394,0.649958084,0.254380272,6.9,1,3,2,2
2000,memento,-0.421531341,0.645232448,0.482441695,0.340506405,0.414371863,0.650441699,0.6816798820000001,0.214285714,0.176470588,0.108851675,0.308270677,0.163265306,0.08730158699999999,0.397941771,0.41748477,0.6717292509999999,0.0,0.8818477309999999,0.0,0.678919901,0.0,8.7,1,0,1,3
1969,midnight cowboy,0.588223333,0.605800079,0.327506129,0.0,0.0,0.0,0.0,0.214285714,0.176470588,0.03708134,0.18128655,0.020408163,0.079365079,0.573169021,0.474747455,0.5517926089999999,0.281407035,0.648596597,0.430769231,0.5065410779999999,0.278606965,8.0,1,2,0,0
1978,midnight express,3.413677333,0.315632793,0.00072276,0.562472624,0.546536537,0.444390747,0.402459395,0.35714285700000004,0.176470588,0.066985646,0.170426065,0.12244898,0.103174603,0.159382576,0.37398976,0.646396396,0.265478335,0.839014426,0.597387518,0.633943834,0.244438186,7.6,0,2,0,1
1990,misery,11.4402925,0.478197488,0.155684548,0.0,0.0,0.0,0.0,0.28571428600000004,0.05882352900000001,0.238038278,0.162071846,0.06122449,0.19047619,0.7807168309999999,0.67577794,0.66038766,0.348205675,0.8394941370000001,0.5003885,0.7065527070000001,0.29408513,7.8,1,2,0,0
2000,mission: impossible ii,14.2173913,0.5649577379999999,0.382338075,0.536493804,0.593581901,0.397904025,0.381123726,0.14285714300000002,0.235294118,0.130382775,0.287385129,0.551020408,0.746031746,0.42992785,0.5084596779999999,0.63560583,0.3709456370000001,0.917384101,0.46993007,0.697205416,0.265943012,5.7,0,0,1,2
1996,mission: impossible,2.0638436,0.5056216170000001,0.321699339,0.432309866,0.563293089,0.268825341,0.309876277,0.214285714,0.294117647,0.112440191,0.28571428600000004,0.571428571,0.484126984,0.372768138,0.5110848720000001,0.662061615,0.262282285,0.855834291,0.4579536970000001,0.621184371,0.259672511,6.9,1,0,1,2
1987,moonstruck,3.37110484,0.5263530679999999,0.29437503600000003,0.623626366,0.71244379,0.428750765,0.430551678,0.5,0.323529412,0.40430622,0.275689223,0.040816327,0.111111111,0.360815266,0.565282882,0.609669328,0.325657773,0.8449508490000001,0.53025893,0.666666667,0.263889398,7.1,3,1,3,1
1975,monty python and the holy grail,4.721204488,0.652745974,0.383033868,0.41497672,0.430656126,0.0,0.0,0.28571428600000004,0.6764705879999999,0.03708134,0.393483709,0.020408163,0.103174603,0.236938289,0.587372646,0.611329684,0.186091749,0.817773555,0.382133995,0.64978903,0.053923929,8.4,2,0,1,0
2001,mulholland dr.,#DIV/0!,0.493684148,0.250518527,0.608591158,0.69239376,0.302885482,0.347555398,0.5,0.411764706,0.244019139,0.118629908,0.040816327,0.063492063,0.440475482,0.7570742109999999,0.703648649,0.304739779,0.8931546020000001,0.492462312,0.744615385,0.197404935,8.0,3,2,0,1
1991,my girl,11.57237,0.594105047,0.445437666,0.399330272,0.454770766,0.721255566,0.7000526990000001,0.35714285700000004,0.176470588,0.44138756,0.232247285,0.102040816,0.047619048,0.5500183329999999,0.7111388390000001,0.6229010070000001,0.270583688,0.8235586509999999,0.557288865,0.616396096,0.225028702,6.4,3,1,3,1
1975,nashville,#DIV/0!,0.447169579,0.205893451,0.548186591,0.678454447,0.0,0.0,0.7142857140000001,0.382352941,0.247607656,0.267335004,0.12244898,0.095238095,0.558909233,0.704313865,0.695085995,0.321135087,0.865552035,0.53719457,0.66051282,0.290079017,7.7,3,0,1,0
1994,natural born killers,-1,0.398098358,0.376280816,0.47324225,0.6918450540000001,0.384885458,0.559424247,0.28571428600000004,0.294117647,0.066985646,0.29490392600000004,0.081632653,0.111111111,0.612472142,0.486215453,0.6455333839999999,0.411287205,0.83368829,0.717159763,0.551801262,0.270952928,7.1,3,0,1,1
1999,never been kissed,-1,0.648141034,0.580532464,0.457168502,0.611889421,0.6926245670000001,0.811254633,0.5,0.176470588,0.349282297,0.14285714300000002,0.06122449,0.031746032,0.639016546,0.6451146,0.6276393579999999,0.30263744800000003,0.8414879359999999,0.505325444,0.661057693,0.216373752,5.7,3,1,3,1
1987,a nightmare on elm street 3: dream warriors,0.478904882,0.95098708,0.80625411,0.651379678,0.7834966,0.344627638,0.39246021,0.35714285700000004,0.205882353,0.214114833,0.131161236,0.040816327,0.071428571,0.4352508470000001,0.433210023,0.66038766,0.31423785600000004,0.906653668,0.499871795,0.6609686610000001,0.240298507,6.3,3,2,0,1
1999,notting hill,2.3826092,0.6019075620000001,0.405446351,0.571738183,0.668642074,0.0,0.0,0.5,0.264705882,0.26913875600000003,0.359231412,0.020408163,0.063492063,0.591450725,0.677013302,0.595095095,0.366989587,0.7732300670000001,0.576209358,0.630959164,0.26496384100000003,6.9,3,0,1,0
1954,on the waterfront,7.9586444,0.663472717,0.5113095870000001,0.405134461,0.460110247,0.601863142,0.613354004,0.214285714,0.441176471,0.161483254,0.404344194,0.0,0.071428571,0.489272094,0.732802858,0.6445442579999999,0.34840871,0.8325280190000001,0.548323471,0.633605173,0.261768082,8.4,0,0,1,1
1998,out of sight,7.664039952,0.5813777179999999,0.479855795,0.578354175,0.6773510629999999,0.573033143,0.660670078,0.35714285700000004,0.382352941,0.379186603,0.561403509,0.040816327,0.063492063,0.428214134,0.535473161,0.63931991,0.343144293,0.793929433,0.559340659,0.610874887,0.243070362,7.2,2,3,2,1
2001,pearl harbor,9.549450549,0.568988555,0.375726051,0.460205911,0.506536034,0.626116506,0.631247214,0.5,0.382352941,0.094497608,0.208855472,0.551020408,0.674603175,0.405584914,0.513101473,0.619390617,0.44438861,0.8310991959999999,0.712564102,0.5960328979999999,0.344776119,5.4,2,2,0,2
1986,peggy sue got married,0.619699333,0.69161456,0.551994066,0.492992857,0.602659629,0.865509146,0.959058892,0.642857143,0.147058824,0.5406698560000001,0.219715957,0.020408163,0.03968254,0.5517462870000001,0.7813997559999999,0.60098213,0.313385107,0.7965836009999999,0.517657343,0.671991033,0.249321574,6.3,3,1,3,1
1993,philadelphia,2.208721036,0.540846547,0.197828038,0.0,0.0,0.0,0.0,0.428571429,0.294117647,0.078947368,0.398496241,0.163265306,0.206349206,0.34643683,0.683263779,0.605929771,1.0,0.84457648,1.0,0.6425106420000001,1.0,7.6,2,0,1,0
2000,pitch black,1.299046722,0.5505915779999999,0.356473231,0.3963603670000001,0.506283182,0.346122349,0.395702037,0.214285714,0.147058824,0.20215311,0.22556391,0.591836735,0.587301587,0.218842164,0.484416732,0.721610724,0.328750672,1.0,0.54794388,0.764267991,0.27203604600000003,7.0,3,2,0,2
2001,planet of the apes,6.949170769,0.613097687,0.448245654,0.563677787,0.647226373,0.6396443479999999,0.643469551,0.071428571,0.294117647,0.105263158,0.271512114,0.183673469,0.214285714,0.497260356,0.463931911,0.642622791,0.0,0.845483605,0.0,0.650887574,0.0,5.5,1,0,1,3
1986,platoon,1.312506913,0.60130922,0.313213784,0.521635958,0.568418908,0.824536787,0.773594986,0.14285714300000002,0.294117647,0.046650718,0.155388471,0.081632653,0.222222222,0.023977633,0.0,0.7060154809999999,0.326176336,0.94245035,0.773426573,0.701020662,0.189959295,8.2,0,2,0,1
1991,point break,4.757832069,0.7045952190000001,0.408408128,0.6785337929999999,0.643942086,0.692838928,0.659871451,0.071428571,0.147058824,0.034688995,0.219715957,0.06122449,0.063492063,0.369981261,0.5235953529999999,0.72676128,0.33919598,0.961154049,0.5115384620000001,0.7836069090000001,0.223880597,6.9,0,2,0,1
1987,predator,22.0884275,0.0,0.507503622,0.0,0.71170019,0.0,0.500341629,0.0,0.147058824,0.0,0.08521303300000001,0.28571428600000004,0.396825397,0.366939495,0.443194555,0.485456885,0.0,0.696540278,0.0,0.386813187,0.0,7.8,0,2,0,3
1990,pretty woman,2.48049825,0.616983555,0.312160565,0.5739577889999999,0.613099257,0.0,0.0,0.214285714,0.235294118,0.340909091,0.289055973,0.040816327,0.047619048,0.637448484,0.65603073,0.5795565420000001,0.30603015100000003,0.792694612,0.576153846,0.678144959,0.203731343,6.7,3,1,3,0
1960,psycho,4.457530444,0.4871647120000001,0.296315355,0.545080291,0.6943566,0.675502905,0.74833313,0.35714285700000004,0.235294118,0.13277512,0.387635756,0.040816327,0.14285714300000002,0.38567178,0.457034713,0.692567567,0.331112082,0.810519597,0.501588629,0.623199023,0.230532122,8.7,1,0,1,1
1980,maniac,32.07142857,0.576792593,0.266100954,0.581366468,0.703913163,0.421711965,0.344256675,0.14285714300000002,0.235294118,0.023923445,0.077694236,0.0,0.063492063,0.473025785,0.545958375,0.474024024,0.30305373,0.7165921959999999,0.712426036,0.526495727,0.14466130900000002,6.2,3,2,0,1
1976,rocky,38.65559119,0.482253734,0.329520498,0.503751543,0.681895543,0.697021363,0.7397346709999999,0.35714285700000004,0.441176471,0.14354067,0.450292398,0.12244898,0.182539683,0.470833438,0.625781739,0.746225956,0.340786501,0.881264643,0.545377558,0.7521367529999999,0.279884979,8.1,1,3,2,1
1988,who framed roger rabbit,-1,0.536494307,0.447505483,0.55256734,0.7407585520000001,0.554681578,0.669956786,0.14285714300000002,0.235294118,0.06339712900000001,0.251461988,0.06122449,0.134920635,0.438448525,0.557531448,0.695739633,0.3836022220000001,0.940220617,0.6030769229999999,0.6975924840000001,0.250746269,7.6,1,0,1,1
1968/I,romeo and juliet,116.235147,0.763925753,0.583026014,1.0,1.0,0.0,0.0,0.5,0.176470588,0.150717703,0.147869674,0.14285714300000002,0.174603175,0.773720015,0.618607993,0.582411151,0.35765419299999995,0.798378755,0.569144822,0.6751463759999999,0.219461353,7.8,3,2,0,1
1998,ronin,3.711485114,0.6224974870000001,0.388162496,0.619652645,0.663219265,0.373031641,0.366452198,0.14285714300000002,0.323529412,0.087320574,0.399331662,0.469387755,0.396825397,0.335535971,0.484298546,0.6704186289999999,0.355406663,0.851331205,0.5935042739999999,0.6650755770000001,0.278606965,7.2,1,0,1,2
2001,rush hour 2,#DIV/0!,0.525532105,0.28613075,0.459411907,0.5564918529999999,0.703736435,0.652067265,0.28571428600000004,0.235294118,0.072966507,0.386800334,0.020408163,0.055555556,0.522450958,0.4014893570000001,0.639598187,0.373975139,0.8457156640000001,0.572469636,0.643699858,0.285938727,6.5,0,0,1,1
1998,rush hour,-0.243438473,0.5485857670000001,0.264337715,0.3811439720000001,0.551649874,0.303140702,0.308626795,0.28571428600000004,0.176470588,0.061004785,0.226399332,0.040816327,0.103174603,0.314441867,0.456974062,0.633326403,0.0,0.7364817490000001,0.0,0.728994083,0.0,6.8,3,2,0,3
1993,sleepless in seattle,2.859175578,0.627780998,0.326123895,0.665035055,0.649376859,0.514093102,0.447623943,0.7142857140000001,0.235294118,0.3468899520000001,0.28571428600000004,0.163265306,0.134920635,0.611468086,0.635053526,0.6598846039999999,0.355964606,0.818025725,0.565384615,0.701430903,0.278228423,6.6,2,1,3,1
1954,salt of the earth,6.405662545,0.57900799,0.323788593,0.575346702,0.637711525,0.0,0.0,0.35714285700000004,0.235294118,0.114832536,0.140350877,0.0,0.071428571,0.362372106,0.475472479,0.537758347,0.428079793,0.915838722,0.646153846,0.5972850679999999,0.316598824,7.6,3,2,0,0
1998,saving private ryan,9.847613524,0.0,0.381471713,0.0,0.51719274,0.0,0.695808309,0.0,0.235294118,0.0,0.401002506,0.510204082,0.674603175,0.366939495,0.43431277,0.591908679,0.0,0.835573022,0.0,0.647024474,0.0,8.5,0,0,1,3
1989,say anything...,#DIV/0!,0.588983326,0.383809742,0.4320901070000001,0.490713636,0.616806256,0.634766804,0.642857143,0.294117647,0.331339713,0.330827068,0.06122449,0.063492063,0.617629462,0.77805889,0.638570774,0.33695531799999995,0.813256388,0.554647757,0.656526148,0.244548799,7.5,2,1,3,1
1997,scream 2,5.883441557,0.759935191,0.683318146,0.5667508529999999,0.7262589740000001,0.403286163,0.427305106,0.857142857,0.294117647,0.332535885,0.165413534,0.12244898,0.14285714300000002,0.212248349,0.41994248,0.626682863,0.248222243,0.768222028,0.48563135,0.494382022,0.220782878,5.9,3,1,3,1
2000,scream 3,#DIV/0!,0.993080467,0.759958768,0.699803837,0.796702983,0.557067584,0.515828727,0.5,0.235294118,0.255980861,0.187134503,0.14285714300000002,0.119047619,0.218556443,0.332685092,0.598217783,0.309547739,0.84193962,0.505174825,0.5927164629999999,0.238082316,5.3,3,2,0,1
1996/I,scream,6.181804208,0.66785962,0.595227359,0.632566609,0.797310764,0.659173447,0.7303258229999999,0.428571429,0.264705882,0.410287081,0.307435255,0.469387755,0.444444444,0.365291611,0.308942474,0.558783784,0.305937583,0.7913686,0.533502024,0.6714196370000001,0.24607227,7.2,3,1,3,2
1998,shakespeare in love,3.0458569,0.725816083,0.513145402,0.59795112,0.609456216,0.985670232,0.819553552,0.642857143,0.352941176,0.193779904,0.344193818,0.102040816,0.079365079,0.689508806,0.7118103240000001,0.586018711,0.369714682,0.8281485479999999,0.551528806,0.637536034,0.258789733,7.4,3,0,1,1
1992,sister act,11.36047593,0.6065942329999999,0.371367204,0.537131817,0.5969766129999999,0.7651811159999999,0.678232147,0.7142857140000001,0.205882353,0.36004784700000003,0.377610693,0.020408163,0.023809524,0.564125422,0.565138365,0.63129739,0.332060302,0.8182250259999999,0.544,0.656339645,0.224477612,5.9,3,1,3,1
1999,sleepy hollow,10.57271176,0.816994366,0.6463311939999999,0.7151252290000001,0.758120501,0.350286699,0.358424301,0.35714285700000004,0.294117647,0.133971292,0.279866332,0.06122449,0.103174603,0.368660206,0.455552009,0.583877538,0.369346734,0.7650884459999999,0.518269231,0.604588394,0.208955224,7.5,3,0,1,1
1959,some like it hot,6.471133871,0.6389155879999999,0.38412655,0.0,0.0,0.0,0.0,0.5,0.264705882,0.351674641,0.64160401,0.12244898,0.253968254,0.621362204,0.592541716,0.631951289,0.36093511,0.8154662359999999,0.458862876,0.604163591,0.236210253,8.4,3,3,2,0
1998,sphere,1.06071502,0.437049048,0.129041672,0.5936262379999999,0.603191648,0.612998685,0.607090938,0.35714285700000004,0.176470588,0.31937799,0.643274854,0.367346939,0.404761905,0.325993798,0.465436955,0.626473718,0.356101495,0.856490258,0.6259449189999999,0.643165758,0.284798231,5.6,1,3,2,2
1977,star wars,7.668972845,0.694887776,0.641013879,0.513077938,0.7078327,0.6149210970000001,0.880410019,0.28571428600000004,0.205882353,0.041866029,0.211361738,0.06122449,0.119047619,0.0,0.531132112,0.6779014309999999,0.293132328,0.826536298,0.6940170940000001,0.734439417,0.174129353,8.8,1,2,0,1
1997,starship troopers,-0.825333333,0.5908757929999999,0.325154397,0.616025156,0.662537399,0.553844219,0.5758464870000001,0.28571428600000004,0.352941176,0.179425837,0.308270677,0.183673469,0.27777777800000003,0.453771077,0.646921183,0.594326705,0.305255089,0.805470586,0.507431551,0.641138597,0.20541361,7.1,3,0,1,1
1979,star trek: the motion picture,69.49072791,0.588161996,0.422940216,0.409669448,0.647642167,0.601237052,0.5973610229999999,0.214285714,0.205882353,0.031100478,0.248955723,0.040816327,0.103174603,0.515832009,0.58637796,0.608919796,0.30362338,0.767417569,0.419433198,0.63003663,0.153967007,6.2,1,0,1,1
1998,stepmom,0.154422638,0.6293476179999999,0.3723758620000001,0.46389055,0.50924893,0.0,0.0,0.071428571,0.205882353,0.331339713,0.435254804,0.163265306,0.206349206,0.418881163,0.561280576,0.558652013,0.287688442,0.8262712329999999,0.526538461,0.5477178420000001,0.236567164,6.2,3,3,2,0
1964,dr. strangelove or: how i learned to stop worrying and love the bomb,2.971428571,0.5946408870000001,0.323117284,0.47715928,0.491918898,0.0,0.0,0.071428571,0.470588235,0.041866029,0.466165414,0.06122449,0.182539683,0.176274638,0.440832379,0.528869779,0.442802247,0.764359412,0.630316742,0.5320512820000001,0.313432836,8.6,0,3,2,0
1984,supergirl,#DIV/0!,0.559130954,0.309147634,0.5668109720000001,0.689106772,0.494165181,0.5498179639999999,0.571428571,0.176470588,0.35287081299999995,0.145363409,0.0,0.071428571,0.531059996,0.5154533410000001,0.6202265020000001,0.310798437,0.72409938,0.508307692,0.5572511170000001,0.224742952,4.1,3,1,3,1
1983,superman iii,4.244595556,0.556951277,0.195423586,0.555538958,0.590983826,0.54323298,0.5668448,0.5,0.235294118,0.194976077,0.26566416,0.06122449,0.08730158699999999,0.529373974,0.620043311,0.612412539,0.31892797300000003,0.8471305509999999,0.552820513,0.601327607,0.199668325,4.7,3,0,1,1
1980,superman ii,-0.591530343,0.638012687,0.313422176,0.606150555,0.640844127,0.927098475,0.812603724,0.35714285700000004,0.323529412,0.144736842,0.162907268,0.163265306,0.396825397,0.588370824,0.6010568829999999,0.661922985,0.352515264,0.823744336,0.541935484,0.6589516679999999,0.274113304,6.7,3,2,0,1
1987,superman iv: the quest for peace,0.944887795,0.6257158629999999,0.434408333,0.71939998,0.75758769,0.779472299,0.75827136,0.214285714,0.176470588,0.11722488,0.116959064,0.0,0.126984127,0.411916188,0.642840767,0.635615311,0.281407035,0.759379976,0.47972028,0.7616816359999999,0.142469471,3.4,3,2,0,1
1978,superman,2.527013074,0.572668599,0.32625495600000004,0.611584211,0.687449291,0.49977209,0.575712419,0.28571428600000004,0.264705882,0.187799043,0.244778613,0.0,0.134920635,0.56307301,0.50047371,0.6857208920000001,0.33694789700000005,0.8380513559999999,0.59854251,0.7120990540000001,0.224351924,7.3,1,0,1,1
1957,sweet smell of success,0.135294118,0.486714404,0.34692307,0.0,0.0,0.0,0.0,0.5,0.235294118,0.139952153,0.303258145,0.0,0.111111111,0.461098243,0.6830008609999999,0.658675963,0.332691495,0.827562603,0.575700935,0.585106383,0.273399358,8.2,1,0,1,0
1971,thx 1138,4.458509418,0.416437594,0.086124261,0.5657607370000001,0.517608948,0.489332217,0.405272649,0.428571429,0.088235294,0.116028708,0.115288221,0.0,0.079365079,0.434325333,0.409574651,0.8310810809999999,0.323723883,0.911834546,0.474493927,0.838095239,0.251374705,6.8,0,2,0,1
1997,titanic,#DIV/0!,0.511506329,0.32458860100000003,0.588746725,0.7099912070000001,0.634258613,0.645758609,0.571428571,0.294117647,0.204545455,0.186299081,0.408163265,0.341269841,0.4337903870000001,0.7004491970000001,0.635532591,0.25678392,0.8799873840000001,0.425384615,0.635207929,0.17761194,7.4,3,2,0,2
1993,tombstone,2.136422136,0.5238624279999999,0.344862515,0.533012467,0.574320845,0.699312693,0.718351685,0.35714285700000004,0.411764706,0.094497608,0.367585631,0.204081633,0.35714285700000004,0.6079903720000001,0.5732984320000001,0.593836003,0.341130111,0.79768163,0.5345877139999999,0.600923881,0.17437989899999998,7.7,3,0,1,1
1995,toy story,8.22517094,0.442811419,0.314779782,0.532636537,0.6462518939999999,0.460659065,0.542839292,0.14285714300000002,0.264705882,0.03708134,0.307435255,0.510204082,0.6269841270000001,0.704163236,0.517334932,0.67997543,0.36417381,0.805626545,0.557466063,0.577289378,0.122914838,8.2,1,0,1,2
2000,traffic,1.2602026,0.759376425,0.675883606,0.454240682,0.497444016,0.315316989,0.347338799,0.571428571,0.588235294,0.17583732100000002,0.280701754,0.224489796,0.095238095,0.433211861,0.578580656,0.721332355,0.283846981,0.839065003,0.463139173,0.7857786520000001,0.205331723,7.8,3,0,1,1
1996,trainspotting,11.4518011,0.677189174,0.416355661,0.418534368,0.467604085,0.0,0.0,0.28571428600000004,0.264705882,0.088516746,0.244778613,0.224489796,0.246031746,0.286604144,0.583680958,0.5504563,0.349228155,0.721005536,0.6260099610000001,0.7179487179999999,0.27960914800000003,8.2,2,0,1,0
1989,star trek v: the final frontier,3.323244271,0.501154911,0.399252107,0.439784323,0.652510612,0.35915313,0.499242225,0.28571428600000004,0.264705882,0.06818181799999999,0.253132832,0.0,0.063492063,0.472886458,0.472159943,0.596867322,0.413583067,0.8532618409999999,0.476456876,0.5230769239999999,0.265943012,5.0,1,0,1,1
1982,tron,3.12277,0.478077896,0.336451746,0.384478757,0.5968130460000001,0.41904632,0.550133385,0.214285714,0.235294118,0.06339712900000001,0.219715957,0.06122449,0.111111111,0.622465553,0.639186067,0.578387509,0.367052655,0.76932831,0.627424749,0.663201664,0.181700195,6.7,0,2,0,1
1994,true lies,1.34,0.496288443,0.333179374,0.281212683,0.369838873,0.0,0.0,0.5,0.117647059,0.221291866,0.25229741,0.14285714300000002,0.111111111,0.591481364,0.569621311,0.7330798759999999,0.330814377,0.930645896,0.53763946,0.747946575,0.248832175,7.2,3,0,1,0
1993,true romance,0.941176471,0.6756237270000001,0.541386706,0.6667740529999999,0.72878793,0.419027872,0.413556433,0.35714285700000004,0.5,0.183014354,0.46449457,0.224489796,0.206349206,0.62816464,0.499138819,0.651339776,0.350897344,0.866336378,0.50989011,0.732004613,0.257569297,7.9,1,3,2,1
1995,twelve monkeys,2.294629661,0.79567303,0.6816248779999999,0.518073373,0.6124017279999999,0.31807577800000003,0.356704,0.35714285700000004,0.235294118,0.15789473699999998,0.182121972,0.632653061,0.936507937,0.436929183,0.35958411799999995,0.668941517,0.265773311,0.8638984279999999,0.622222222,0.758425522,0.263128801,8.1,1,2,0,2
2000,unbreakable,-0.01747592,0.4853885670000001,0.234888158,0.696497609,0.7626477620000001,0.697215666,0.645687363,0.14285714300000002,0.205882353,0.057416268,0.187969925,0.183673469,0.35714285700000004,0.362148453,0.443545486,0.746404895,0.268615806,0.836744398,0.509090909,0.664150943,0.113975577,7.3,0,2,0,1
1992,unforgiven,4.723389831,0.502132878,0.286985079,0.488180028,0.531577639,0.0,0.0,0.28571428600000004,0.294117647,0.06459330099999999,0.426900585,0.183673469,0.253968254,0.289650477,0.352397852,0.721361405,0.277604237,0.879473897,0.485100485,0.676429333,0.165658195,8.3,3,0,1,0
1958,vertigo,2.308241613,0.608852245,0.351828972,0.592978219,0.6603240029999999,0.585577754,0.559205056,0.428571429,0.088235294,0.385167464,0.293233083,0.06122449,0.182539683,0.456666676,0.618226976,0.590990991,0.307273292,0.7165921959999999,0.492551506,0.501424501,0.228493034,8.6,1,1,3,1
2000,what lies beneath,10.36838907,0.455575327,0.208903139,0.551133215,0.599076727,0.595126947,0.631902059,0.35714285700000004,0.117647059,0.5215310999999999,0.183792815,0.448979592,0.69047619,0.43380989,0.469279783,0.0,0.307028313,0.0,0.511824443,0.0,0.213077254,6.5,3,1,3,2
2000,what women want,10.29487697,0.437092479,0.699088281,0.427838512,0.917625967,0.433336214,0.7273527409999999,0.071428571,0.0,0.0035885170000000007,0.0,0.489795918,0.5476190479999999,0.056949889,0.5677934339999999,0.0,0.211055276,0.0,0.574358974,0.0,0.139303482,6.3,1,2,0,2
1998,wild things,0.55464351,0.687895083,0.629859258,0.608216058,0.6979469229999999,0.35044351100000004,0.375897327,0.428571429,0.176470588,0.293062201,0.218045113,0.020408163,0.047619048,0.358699619,0.326197469,0.6956732520000001,0.306989493,0.7856309890000001,0.559548144,0.6829941359999999,0.219183801,6.6,3,1,3,1
1999,wild wild west,4.344452957,0.6993444529999999,0.399039111,0.527730968,0.553167658,0.525280589,0.540121793,0.071428571,0.205882353,0.025119617,0.248955723,0.020408163,0.071428571,0.6080206229999999,0.663421366,0.6609073360000001,0.21440536,0.759862122,0.42051282,0.668864469,0.208955224,4.3,2,0,1,1
1988,willow,2.36,0.438537447,0.226014115,0.52805936,0.633392094,0.491827308,0.480827881,0.214285714,0.176470588,0.077751196,0.192147034,0.224489796,0.341269841,0.316663272,0.547175004,0.6758388820000001,0.270583688,0.8832938309999999,0.456804734,0.757587019,0.1836969,7.1,3,2,0,1
1985,witness,0.306498124,0.465361099,0.20400023,0.506666317,0.555433551,0.25014864,0.306965306,0.14285714300000002,0.205882353,0.142344498,0.196324144,0.0,0.03968254,0.516684898,0.407890323,0.6952312890000001,0.27828029,0.8641300609999999,0.612649573,0.708744247,0.213598673,7.6,3,2,0,0
2009,watchmen,0.6362818,0.515388883,0.363174064,0.558372519,0.711857438,0.8061897509999999,0.829233343,0.35714285700000004,0.294117647,0.141148325,0.205513784,0.12244898,0.126984127,0.354454706,0.377684655,0.641487833,0.392264352,0.874725001,0.5613053610000001,0.633444076,0.310266847,7.8,3,2,0,1
2002,xxx,4.72558275,0.6939584540000001,0.531059379,0.661442359,0.7449657709999999,0.6882083920000001,0.7621934029999999,0.071428571,0.264705882,0.005980861,0.337510443,0.7551020409999999,0.793650794,0.360812583,0.43666791,0.608827459,0.35506391,0.8582758229999999,0.5146102220000001,0.7335478209999999,0.201943304,5.6,1,0,1,2
2000,x-men,0.4250691,0.6436085570000001,0.314005747,0.64784265,0.540739089,0.0,0.0,0.28571428600000004,0.117647059,0.072966507,0.09273183,0.06122449,0.14285714300000002,0.285585512,0.532092145,0.635902948,0.258501811,0.909172151,0.596064401,0.615384615,0.233252343,7.4,1,2,0,0
1974,young frankenstein,2.963548314,0.590880679,0.265251456,0.433014477,0.507542713,0.0,0.0,0.214285714,0.294117647,0.144736842,0.377610693,0.183673469,0.261904762,0.839159572,0.670656083,0.610835991,0.344950559,0.8603511340000001,0.711000827,0.684397728,0.238164019,8.0,2,0,1,0
