,Movie_Number,Movie_Name,Year_of_Release,IMDB_Rating,Number_of_Votes,Genres,rating,year,id,imdbid,noun_count_male,noun_count_female,verb_count_male,verb_count_female,adjective_count_male,adjective_count_female
0,m0,10 things i hate about you,1999,6.9,62847,"['comedy', 'romance']",3,1999,374,147800.0,2.44102564103,2.08016877637,2.58461538462,2.61814345992,0.615384615385,0.580168776371
1,m3,2001: a space odyssey,1968,8.4,163227,"['adventure', 'mystery', 'sci-fi']",0,1968,919,62622.0,2.28991596639,2.05882352941,2.40756302521,1.91176470588,0.579831932773,0.441176470588
2,m4,48 hrs.,1982,6.9,22289,"['action', 'comedy', 'crime', 'drama', 'thriller']",2,1982,5355,83511.0,2.31320754717,2.47916666667,2.56226415094,2.875,0.58679245283,0.645833333333
3,m6,8mm,1999,6.3,48212,"['crime', 'mystery', 'thriller']",1,1999,146,134273.0,2.15057915058,2.45454545455,2.52895752896,2.66666666667,0.559845559846,0.545454545455
4,m7,a nightmare on elm street 4: the dream master,1988,5.2,13590,"['fantasy', 'horror', 'thriller']",3,1988,6020,95742.0,1.89473684211,2.10294117647,2.31578947368,2.375,0.263157894737,0.485294117647
5,m11,air force one,1997,6.3,61978,"['action', 'drama', 'thriller']",1,1997,1068,118571.0,2.37142857143,2.15909090909,2.625,2.06818181818,0.585714285714,0.454545454545
6,m13,airplane!,1980,7.8,57692,"['comedy', 'romance']",3,1980,873,80339.0,2.16161616162,2.56204379562,2.0404040404,2.59124087591,0.444444444444,0.591240875912
7,m14,alien nation,1988,6.1,5590,"['crime', 'drama', 'sci-fi', 'thriller']",1,1988,2784,94631.0,2.41992882562,1.83333333333,2.46619217082,1.94444444444,0.594306049822,0.638888888889
8,m15,aliens,1986,8.5,173518,"['action', 'sci-fi', 'thriller']",3,1986,283,90605.0,2.10266159696,2.36458333333,2.5969581749,2.30208333333,0.558935361217,0.59375
9,m16,amadeus,1984,8.4,99138,"['biography', 'drama', 'music']",3,1984,613,86879.0,2.18518518519,2.20655737705,2.47293447293,2.34426229508,0.539886039886,0.603278688525
10,m17,an american werewolf in london,1981,7.5,24443,"['horror', 'romance']",2,1981,2873,82010.0,2.28524590164,2.24542124542,2.50819672131,2.38827838828,0.567213114754,0.564102564103
11,m19,american outlaws,2001,5.7,7425,"['action', 'western']",1,2001,1112,244000.0,2.30408472012,0.875,2.65052950076,1.375,0.53706505295,0.25
12,m20,american psycho,2000,7.4,101357,"['drama', 'thriller']",1,2000,64,144084.0,2.22123893805,0.0,2.36430678466,0.0,0.474926253687,0.0
13,m21,antitrust,2001,6.0,16453,"['drama', 'thriller']",2,2001,154,218817.0,2.22265625,2.07037037037,2.484375,2.57407407407,0.5546875,0.611111111111
14,m22,austin powers: international man of mystery,1997,7.1,75240,"['action', 'adventure', 'comedy', 'crime']",2,1997,5,118655.0,2.40178571429,2.17142857143,2.41741071429,1.94285714286,0.629464285714,0.457142857143
15,m24,bachelor party,1984,5.9,14050,"['comedy', 'romance']",3,1984,6309,86927.0,2.48297213622,1.97452229299,2.52321981424,2.00636942675,0.637770897833,0.382165605096
16,m28,barry lyndon,1975,8.1,40622,"['drama', 'romance', 'war']",1,1975,2317,72684.0,2.33796296296,1.90163934426,2.44907407407,2.35245901639,0.574074074074,0.524590163934
17,m29,basic,2003,6.3,26295,"['crime', 'drama', 'mystery', 'thriller']",3,2003,5567,264395.0,2.5562403698,2.62068965517,2.61941448382,2.55172413793,0.571648690293,0.413793103448
18,m30,big fish,2003,8.1,144264,"['adventure', 'drama', 'fantasy']",1,2003,2402,319061.0,2.07462686567,2.28057553957,2.44776119403,2.43165467626,0.503731343284,0.467625899281
19,m34,blade runner,1982,8.3,188735,"['drama', 'sci-fi', 'thriller']",1,1982,234,83658.0,2.31319910515,2.36170212766,2.37136465324,2.48936170213,0.541387024609,0.404255319149
20,m35,blast from the past,1999,6.4,23489,"['comedy', 'drama', 'romance']",3,1999,5342,124298.0,2.25697674419,2.25833333333,2.47209302326,2.2,0.606976744186,0.491666666667
21,m36,blue velvet,1986,7.8,54576,"['crime', 'mystery', 'thriller']",1,1986,2662,90756.0,2.26442307692,2.34798534799,2.49038461538,2.77655677656,0.576923076923,0.673992673993
22,m40,braveheart,1995,8.4,245652,"['action', 'biography', 'drama', 'history', 'war']",2,1995,205,112573.0,2.44949494949,2.85542168675,2.42929292929,3.51807228916,0.646464646465,0.698795180723
23,m42,casablanca,1942,8.8,170874,"['drama', 'romance', 'war']",1,1942,1076,34583.0,2.23956442831,2.25088339223,2.53720508167,2.63604240283,0.553539019964,0.611307420495
24,m43,cast away,2000,7.5,104477,"['adventure', 'drama']",2,2000,3795,162222.0,2.16533333333,3.6,2.22933333333,2.92,0.536,0.64
25,m47,dark star,1974,6.5,8303,"['comedy', 'sci-fi', 'thriller']",0,1974,1814,69945.0,2.73958333333,0.0,2.80208333333,0.0,0.638888888889,0.0
26,m50,donnie darko,2001,8.3,215194,"['drama', 'mystery', 'sci-fi']",3,2001,887,246578.0,2.29583333333,2.13636363636,2.59375,2.04545454545,0.564583333333,0.818181818182
27,m51,drop dead gorgeous,1999,6.3,16417,"['comedy', 'adult']",3,1999,1844,157503.0,2.58536585366,2.21509433962,1.87804878049,2.71698113208,0.585365853659,0.505660377358
28,m52,duck soup,1933,8.1,27112,"['comedy', 'musical']",1,1933,5185,23969.0,2.33554817276,2.3,2.58471760797,2.3,0.611295681063,0.55
29,m55,eternal sunshine of the spotless mind,2004,8.5,224838,"['drama', 'romance', 'sci-fi']",2,2004,133,338013.0,1.96590909091,2.41411042945,2.44886363636,2.5536809816,0.579545454545,0.569018404908
30,m56,even cowgirls get the blues,1993,4.0,3947,"['comedy', 'drama', 'romance', 'western']",3,1993,1790,106834.0,2.28409090909,2.88888888889,2.53409090909,3.25396825397,0.534090909091,0.650793650794
31,m57,event horizon,1997,6.4,45497,"['horror', 'mystery', 'mystery', 'sci-fi', 'sci-fi']",3,1997,662,119081.0,2.58192090395,2.37142857143,2.74764595104,2.87142857143,0.630885122411,0.528571428571
32,m58,fantastic four,2005,5.7,72581,"['action', 'adventure', 'fantasy', 'sci-fi', 'fantasy']",1,2005,2541,120667.0,2.20551378446,2.01960784314,2.28571428571,2.74509803922,0.428571428571,0.490196078431
33,m58,fantastic four,2005,5.7,72581,"['action', 'adventure', 'fantasy', 'sci-fi', 'fantasy']",0,2015,6392,1502712.0,2.20551378446,2.01960784314,2.28571428571,2.74509803922,0.428571428571,0.490196078431
34,m59,fast times at ridgemont high,1982,7.2,31710,"['comedy', 'drama', 'romance']",2,1982,1934,83929.0,2.18567639257,2.60377358491,2.58090185676,2.75,0.485411140584,0.575471698113
35,m60,fear and loathing in las vegas,1998,7.6,82748,"['drama', 'fantasy']",1,1998,506,120669.0,2.00609756098,1.75,2.24085365854,2.05,0.560975609756,0.525
36,m62,frances,1982,7.2,2756,"['biography', 'drama']",3,1982,4844,83967.0,2.20603015075,2.42830188679,2.67336683417,2.54339622642,0.542713567839,0.554716981132
37,m63,frankenstein,1931,8.0,23522,"['drama', 'horror', 'sci-fi']",1,1931,1317,21884.0,1.83333333333,2.6028708134,2.31818181818,2.83253588517,0.606060606061,0.674641148325
38,m64,friday the 13th,2009,5.6,27499,['horror'],3,1980,4569,80761.0,2.1862745098,2.25954198473,2.05882352941,2.51908396947,0.56862745098,0.465648854962
39,m64,friday the 13th,2009,5.6,27499,['horror'],2,2009,4570,758746.0,2.1862745098,2.25954198473,2.05882352941,2.51908396947,0.56862745098,0.465648854962
40,m65,from dusk till dawn,1996,7.1,81559,"['action', 'crime', 'horror', 'thriller']",1,1996,448,116367.0,2.23056994819,2.20967741935,2.39637305699,2.5,0.632124352332,0.596774193548
41,m66,g.i. jane,1997,5.6,24068,"['action', 'drama']",3,1997,524,119173.0,2.23417721519,2.64411764706,2.41772151899,2.55882352941,0.639240506329,0.635294117647
42,m67,godzilla,1998,4.9,60310,"['action', 'horror', 'sci-fi', 'thriller']",3,1998,2238,120685.0,2.39664804469,3.11111111111,2.58659217877,3.03968253968,0.597765363128,0.619047619048
43,m67,godzilla,1998,4.9,60310,"['action', 'horror', 'sci-fi', 'thriller']",2,2014,5466,831387.0,2.39664804469,3.11111111111,2.58659217877,3.03968253968,0.597765363128,0.619047619048
44,m68,galaxy quest,1999,7.2,53004,"['action', 'adventure', 'comedy', 'sci-fi']",1,1999,1053,177789.0,2.04849884527,2.08510638298,2.21247113164,2.78723404255,0.528868360277,0.560283687943
45,m72,ghost world,2001,7.7,43550,"['comedy', 'drama']",3,2001,226,162346.0,2.54054054054,2.048298573,2.91891891892,2.33150384193,0.567567567568,0.530186608123
46,m74,ghostbusters ii,1989,6.1,45450,"['action', 'adventure', 'comedy', 'fantasy', 'sci-fi', 'action', 'adventure', 'comedy', 'sci-fi']",2,1989,1540,97428.0,2.28523489933,2.14,2.57718120805,2.41,0.590604026846,0.53
47,m75,ghostbusters,1986,6.9,237,"['animation', 'comedy', 'fantasy', 'sci-fi', 'horror']",2,1984,376,87332.0,2.27177700348,2.18562874251,2.26132404181,2.4251497006,0.578397212544,0.48502994012
48,m75,ghostbusters,1986,6.9,237,"['animation', 'comedy', 'fantasy', 'sci-fi', 'horror']",3,2016,6977,1289401.0,2.27177700348,2.18562874251,2.26132404181,2.4251497006,0.578397212544,0.48502994012
49,m76,gladiator,2000,8.4,286067,"['action', 'adventure', 'drama']",0,2000,1163,172495.0,2.0838150289,2.22580645161,2.33815028902,2.09677419355,0.552023121387,0.483870967742
50,m78,grand hotel,1932,7.7,6088,"['drama', 'romance']",3,1932,1328,22958.0,2.22909698997,2.2094017094,2.52508361204,2.43162393162,0.591973244147,0.679487179487
51,m80,halloween h20: 20 years later,1998,5.4,22353,"['drama', 'horror', 'thriller']",3,1998,4709,120694.0,2.64670658683,2.46808510638,2.66467065868,2.86170212766,0.658682634731,0.606382978723
52,m84,harold and maude,1971,8.1,28689,"['comedy', 'romance']",3,1971,2159,67185.0,2.11157894737,2.07272727273,2.39789473684,2.27272727273,0.524210526316,0.4
53,m85,hellbound: hellraiser ii,1988,6.2,11273,"['drama', 'horror', 'thriller']",1,1988,5261,95294.0,0.0,2.15517241379,0.0,2.30172413793,0.0,0.5
54,m86,hellboy,2004,6.8,68619,"['action', 'adventure', 'fantasy']",1,2004,4338,167190.0,2.45714285714,2.41228070175,2.66285714286,2.39473684211,0.72,0.605263157895
55,m87,hellraiser,1987,7.0,22922,['horror'],3,1987,3582,93177.0,2.16402116402,2.41692789969,2.34391534392,2.59247648903,0.566137566138,0.608150470219
56,m88,high fidelity,2000,7.6,70464,"['comedy', 'drama', 'music', 'romance']",2,2000,1006,146882.0,2.32894736842,2.28828828829,2.44210526316,2.52252252252,0.623684210526,0.608108108108
57,m89,highlander,1986,7.2,41243,"['action', 'fantasy']",3,1986,1604,91203.0,2.29508196721,2.29360465116,2.4262295082,2.63081395349,0.603278688525,0.558139534884
58,m90,his girl friday,1940,8.1,20870,"['comedy', 'drama', 'romance']",3,1940,3033,32599.0,2.28319502075,2.28648648649,2.34024896266,2.47567567568,0.550829875519,0.6
59,m91,hope and glory,1987,7.4,4965,"['drama', 'war']",3,1987,7035,93209.0,1.8078817734,2.34,2.16748768473,2.86,0.571428571429,0.75
60,m92,house of 1000 corpses,2003,5.6,27033,['horror'],3,2003,7512,251736.0,2.06639004149,2.19623655914,2.2489626556,2.51612903226,0.477178423237,0.602150537634
61,m93,human nature,2001,6.3,10017,"['comedy', 'drama']",3,2001,1459,219822.0,2.40322580645,2.41463414634,2.77419354839,2.75203252033,0.645161290323,0.626016260163
62,m95,i am legend,2007,7.1,156084,"['drama', 'sci-fi', 'thriller']",3,2007,549,480249.0,2.04166666667,2.20547945205,1.625,2.43835616438,0.25,0.698630136986
63,m97,independence day,1996,6.6,151698,"['action', 'adventure', 'sci-fi', 'thriller']",3,1996,444,116629.0,2.52422907489,2.04166666667,2.3127753304,2.48333333333,0.621145374449,0.55
64,m98,indiana jones and the last crusade,1989,8.3,174947,"['action', 'adventure', 'thriller', 'action', 'adventure', 'fantasy']",0,1989,1049,97576.0,2.34011627907,2.39189189189,2.72093023256,3.24324324324,0.604651162791,0.716216216216
65,m99,indiana jones and the temple of doom,1984,7.5,112054,"['action', 'adventure']",0,1984,1048,87469.0,2.2789968652,2.57777777778,2.44514106583,2.55555555556,0.507836990596,0.622222222222
66,m102,intolerable cruelty,2003,6.4,36739,"['comedy', 'romance', 'crime']",3,2003,5806,138524.0,2.68100358423,2.11970074813,2.83154121864,2.43142144638,0.663082437276,0.511221945137
67,m103,it happened one night,1934,8.3,25577,"['comedy', 'romance']",3,1934,621,25316.0,2.47787610619,2.25471698113,2.8982300885,2.56446540881,0.676991150442,0.600628930818
68,m104,jfk,1991,8.0,60406,"['biography', 'drama', 'history', 'mystery', 'thriller']",3,1991,7200,102138.0,2.15870786517,1.64285714286,2.40308988764,1.46428571429,0.508426966292,0.392857142857
69,m105,jackie brown,1997,7.6,85496,"['crime', 'drama', 'thriller']",3,1997,2176,119396.0,2.26,2.28915662651,2.58363636364,2.52710843373,0.614545454545,0.519578313253
70,m107,jason x,2001,4.4,18199,"['horror', 'sci-fi']",3,2001,93,211443.0,2.24937027708,2.41121495327,2.55667506297,2.28971962617,0.591939546599,0.794392523364
71,m108,jaws,1975,8.3,140982,['thriller'],3,1975,2561,73195.0,2.34190231362,2.08333333333,2.47557840617,2.58333333333,0.642673521851,0.833333333333
72,m109,juno,2007,7.9,152436,"['comedy', 'drama']",3,2007,9,467406.0,2.0,2.4918699187,2.18784530387,2.76219512195,0.574585635359,0.634146341463
73,m111,kids,1995,6.8,26546,"['crime', 'drama']",3,1995,5771,113540.0,2.58704453441,2.4,2.5991902834,2.57543859649,0.526315789474,0.561403508772
74,m113,krull,1983,5.9,8246,"['fantasy', 'action', 'adventure', 'sci-fi']",1,1983,6126,85811.0,2.43170731707,1.87323943662,2.50487804878,2.38028169014,0.592682926829,0.394366197183
75,m117,legally blonde,2001,6.2,44558,['comedy'],3,2001,733,250494.0,2.12056737589,2.24933687003,2.28368794326,2.6525198939,0.475177304965,0.546419098143
76,m118,legend,1985,6.2,20907,"['fantasy', 'adventure', 'romance']",3,1985,3986,89469.0,2.31274131274,0.0,2.5148005148,0.0,0.603603603604,0.0
77,m118,legend,1985,6.2,20907,"['fantasy', 'adventure', 'romance']",3,2015,6671,3569230.0,2.31274131274,0.0,2.5148005148,0.0,0.603603603604,0.0
78,m121,little nicky,2000,5.0,35489,"['fantasy', 'comedy', 'romance', 'animation', 'comedy', 'fantasy', 'horror']",1,2000,3471,185431.0,2.32853025937,2.55434782609,2.6023054755,2.65217391304,0.567723342939,0.836956521739
79,m123,lost highway,1997,7.6,42998,"['drama', 'horror', 'mystery', 'thriller']",1,1997,4154,116922.0,2.39845758355,2.28712871287,2.33933161954,2.0297029703,0.632390745501,0.376237623762
80,m124,lost horizon,1937,7.8,5509,"['adventure', 'drama', 'fantasy', 'mystery']",2,1937,1336,29162.0,2.37984496124,2.11111111111,2.64031007752,2.33333333333,0.531782945736,0.0
81,m125,men in black,1997,7.0,121719,"['action', 'adventure', 'comedy', 'sci-fi']",1,1997,83,119654.0,2.51891891892,2.43243243243,2.72162162162,2.2972972973,0.686486486486,0.432432432432
82,m126,minority report,2002,7.7,137009,"['action', 'crime', 'mystery', 'sci-fi', 'thriller', 'action', 'animation', 'drama', 'mystery', 'sci-fi', 'thriller']",1,2002,115,181689.0,2.2551369863,2.46464646465,2.41952054795,2.41414141414,0.494863013699,0.575757575758
83,m128,malcolm x,1992,7.7,23317,"['biography', 'drama', 'history']",3,1992,4391,104797.0,2.44736842105,2.3313253012,2.53947368421,2.3313253012,0.605263157895,0.584337349398
84,m130,marty,1955,7.7,6379,"['drama', 'romance']",3,1955,4442,48356.0,2.07522123894,2.11440677966,2.71681415929,2.45762711864,0.672566371681,0.53813559322
85,m132,meet john doe,1941,7.7,4841,"['comedy', 'drama', 'romance']",3,1941,3717,33891.0,2.23673469388,2.4456928839,2.37959183673,2.52434456929,0.636734693878,0.50936329588
86,m134,metropolis,1927,8.4,40730,"['adventure', 'drama', 'sci-fi']",1,1927,1267,17136.0,2.16393442623,2.02222222222,2.42076502732,1.98888888889,0.475409836066,0.444444444444
87,m137,monkeybone,2001,4.5,8258,"['animation', 'comedy', 'fantasy', 'romance']",3,2001,3616,166276.0,1.88095238095,2.35294117647,2.08333333333,2.30147058824,0.446428571429,0.639705882353
88,m139,mr. smith goes to washington,1939,8.4,33984,['drama'],2,1939,5946,31679.0,2.37777777778,2.14285714286,2.49888888889,2.35714285714,0.595555555556,0.285714285714
89,m140,mr. deeds goes to town,1936,8.0,7594,"['comedy', 'romance']",3,1936,1992,27996.0,2.469348659,2.29347826087,2.63793103448,2.55797101449,0.634099616858,0.605072463768
90,m143,mystery men,1999,5.9,31817,"['action', 'comedy', 'fantasy']",1,1999,4230,132347.0,2.16578947368,2.30612244898,2.39473684211,2.73469387755,0.581578947368,0.612244897959
91,m145,next friday,2000,5.4,10267,['comedy'],2,2000,7792,195945.0,2.47764705882,2.02083333333,2.44470588235,1.75,0.583529411765,0.354166666667
92,m146,nick of time,1995,6.2,15945,"['crime', 'drama', 'thriller']",3,1995,7651,113972.0,2.38043478261,2.22549019608,2.65579710145,2.25490196078,0.521739130435,0.5
93,m148,a nightmare on elm street,1984,7.4,47161,['horror'],3,1984,4182,87800.0,2.39393939394,2.0306122449,2.54545454545,2.19387755102,0.569696969697,0.418367346939
94,m148,a nightmare on elm street,1984,7.4,47161,['horror'],3,2010,6047,1179056.0,2.39393939394,2.0306122449,2.54545454545,2.19387755102,0.569696969697,0.418367346939
95,m149,ninotchka,1939,7.9,6951,"['comedy', 'romance']",3,1939,1259,31725.0,2.23253012048,2.19459459459,2.45301204819,2.4972972973,0.592771084337,0.545945945946
96,m151,no country for old men,2007,8.3,202649,"['crime', 'drama', 'mystery', 'thriller', 'western']",3,2007,686,477348.0,2.1581027668,2.26595744681,2.27075098814,2.56382978723,0.486166007905,0.542553191489
97,m153,"o brother, where art thou?",2000,7.8,95628,"['comedy', 'adventure', 'crime', 'music']",0,2000,3455,190590.0,2.20849420849,1.9298245614,2.56370656371,1.87719298246,0.65250965251,0.438596491228
98,m154,an officer and a gentleman,1982,6.8,16883,"['drama', 'romance']",3,1982,7244,84434.0,2.28333333333,2.10810810811,2.45416666667,2.88416988417,0.55,0.621621621622
99,m155,panic room,2002,6.9,69824,['thriller'],3,2002,2508,258000.0,2.07476635514,2.13846153846,2.55140186916,2.14615384615,0.602803738318,0.4
100,m162,pleasantville,1998,7.5,49669,"['comedy', 'drama', 'fantasy']",3,1998,1109,120789.0,2.43566176471,1.89344262295,2.57536764706,2.33606557377,0.582720588235,0.647540983607
101,m163,punch-drunk love,2002,7.4,50312,"['comedy', 'drama', 'romance']",1,2002,5227,272338.0,2.44704264099,1.89473684211,2.5598349381,2.57894736842,0.613480055021,0.421052631579
102,m166,raging bull,1980,8.4,91851,"['biography', 'drama', 'sport']",1,1980,1437,81398.0,2.49029126214,3.21052631579,2.70388349515,2.28947368421,0.587378640777,0.736842105263
103,m167,rear window,1954,8.7,121165,"['crime', 'mystery', 'romance', 'thriller']",3,1954,2132,47396.0,2.03993344426,0.0,2.22628951747,0.0,0.480865224626,0.0
104,m168,rebel without a cause,1955,7.9,27791,"['drama', 'romance']",1,1955,2926,48545.0,2.27821011673,2.3956043956,2.48054474708,2.53846153846,0.54280155642,0.505494505495
105,m170,reservoir dogs,1992,8.4,217185,"['crime', 'mystery', 'thriller']",0,1992,18,105236.0,2.18348623853,1.86206896552,2.58944954128,1.68965517241,0.559633027523,0.344827586207
106,m172,scary movie 2,2001,4.7,44511,['comedy'],3,2001,6429,257106.0,2.21568627451,1.87906976744,2.27843137255,2.40465116279,0.454901960784,0.516279069767
107,m173,serial mom,1994,6.4,11077,"['comedy', 'thriller']",3,1994,6477,111127.0,2.52,2.17419354839,2.86857142857,2.46451612903,0.582857142857,0.503225806452
108,m175,"sex, lies, and videotape",1989,7.1,18505,['drama'],2,1989,2065,98724.0,2.55555555556,2.23803680982,2.4126984127,2.42085889571,0.714285714286,0.534969325153
109,m177,shock treatment,1981,5.4,1884,"['comedy', 'musical']",3,1981,7732,83067.0,2.25925925926,2.29861111111,2.62345679012,2.68055555556,0.598765432099,0.5625
110,m178,sideways,2004,7.8,70349,"['comedy', 'drama', 'romance']",3,2004,2249,375063.0,2.42701863354,1.83798882682,2.49844720497,2.41899441341,0.551242236025,0.553072625698
111,m179,signs,2002,6.9,113119,"['drama', 'mystery', 'sci-fi', 'thriller']",1,2002,5170,286106.0,2.19758064516,1.25,2.38709677419,2.625,0.552419354839,0.25
112,m184,slither,2006,6.6,26497,"['comedy', 'horror', 'sci-fi']",3,2006,1702,439815.0,2.376,2.41428571429,2.256,2.67142857143,0.552,0.571428571429
113,m187,solaris,2002,6.2,33541,"['drama', 'mystery', 'romance', 'sci-fi']",1,2002,4784,307479.0,2.24863387978,0.0,2.42896174863,0.0,0.543715846995,0.0
114,m189,spider-man,2002,7.4,169898,"['action', 'adventure', 'fantasy', 'sci-fi', 'action', 'adventure', 'sci-fi', 'thriller']",1,2002,1730,145487.0,2.19047619048,2.18018018018,2.55026455026,2.31081081081,0.529100529101,0.608108108108
115,m190,stalag 17,1953,8.2,21182,"['drama', 'war']",0,1953,1883,46359.0,2.10456273764,1.65384615385,2.30038022814,2.0,0.623574144487,0.538461538462
116,m192,star trek iii: the search for spock,1984,6.5,22466,"['action', 'adventure', 'sci-fi', 'thriller']",1,1984,1304,88170.0,1.90660592255,0.0,2.41002277904,0.0,0.546697038724,0.0
117,m193,star trek: the wrath of khan,1982,7.8,36503,"['action', 'adventure', 'sci-fi', 'thriller']",3,1982,896,84726.0,2.49224806202,2.69,2.53682170543,2.83,0.573643410853,0.57
118,m195,star trek: insurrection,1998,6.3,26728,"['action', 'adventure', 'sci-fi', 'thriller']",3,1998,1056,120844.0,2.16195372751,2.54651162791,2.28791773779,2.43023255814,0.570694087404,0.639534883721
119,m196,star trek: first contact,1996,7.6,45429,"['action', 'adventure', 'sci-fi', 'thriller']",3,1996,3402,117731.0,2.46319018405,2.28865979381,2.73312883436,2.30927835052,0.699386503067,0.515463917526
120,m197,star trek vi: the undiscovered country,1991,7.2,23751,"['action', 'mystery', 'sci-fi', 'thriller']",2,1991,3592,102975.0,2.41472868217,0.0,2.66860465116,0.0,0.606589147287,0.0
121,m198,star trek: nemesis,2002,6.4,28682,"['action', 'sci-fi', 'thriller']",1,2002,138,253754.0,2.17391304348,2.03125,2.48240165631,1.98958333333,0.554865424431,0.510416666667
122,m199,starman,1984,6.9,14204,"['adventure', 'drama', 'romance', 'sci-fi']",0,1984,5796,88172.0,2.4635193133,2.20663265306,2.67381974249,2.4387755102,0.583690987124,0.602040816327
123,m200,strange days,1995,7.1,27744,"['action', 'crime', 'drama', 'fantasy', 'music', 'mystery', 'sci-fi', 'thriller']",3,1995,675,114558.0,2.34718826406,3.16666666667,2.61369193154,3.025,0.567237163814,0.758333333333
124,m202,swingers,1996,7.6,32427,"['comedy', 'drama']",2,1996,5413,117802.0,2.23493975904,2.35947712418,2.3765060241,2.73202614379,0.566265060241,0.627450980392
125,m205,taxi driver,1976,8.6,159525,"['drama', 'thriller']",1,1976,2223,75314.0,2.15662650602,2.13569321534,2.4578313253,2.58702064897,0.469879518072,0.563421828909
126,m218,thirteen days,2000,7.3,23732,"['drama', 'history', 'thriller']",1,2000,3551,146309.0,2.31847133758,2.17557251908,2.12738853503,2.32824427481,0.624203821656,0.519083969466
127,m220,top gun,1986,6.5,81087,"['action', 'drama', 'romance']",2,1986,1703,92099.0,2.05194805195,2.16465863454,2.17922077922,2.6265060241,0.498701298701,0.518072289157
128,m221,total recall,1990,7.4,71383,"['action', 'adventure', 'sci-fi', 'thriller']",1,1990,118,100802.0,2.04743083004,2.59722222222,2.59683794466,2.58796296296,0.577075098814,0.773148148148
129,m221,total recall,1990,7.4,71383,"['action', 'adventure', 'sci-fi', 'thriller']",1,2012,3535,1386703.0,2.04743083004,2.59722222222,2.59683794466,2.58796296296,0.577075098814,0.773148148148
130,m222,tremors,1990,7.1,30553,"['action', 'comedy', 'horror', 'thriller']",3,1990,1663,100814.0,2.0602006689,2.07692307692,2.07692307692,2.56923076923,0.581939799331,0.692307692308
131,m224,twin peaks: fire walk with me,1992,7.0,21274,"['drama', 'horror', 'mystery', 'thriller']",3,1992,2432,105665.0,2.33990147783,2.24338624339,2.47536945813,2.43915343915,0.573891625616,0.57671957672
132,m227,new nightmare,1994,6.3,14975,"['fantasy', 'horror', 'mystery', 'thriller']",3,1994,6029,111686.0,2.38036809816,2.2125984252,2.41717791411,2.32283464567,0.693251533742,0.488188976378
133,m229,wild at heart,1990,7.2,29388,"['crime', 'romance', 'thriller']",2,1990,2577,100935.0,2.59336099585,2.31433506045,2.52282157676,2.40587219344,0.601659751037,0.597582037997
134,m234,agnes of god,1985,6.5,3490,"['drama', 'mystery', 'thriller']",3,1985,602,88683.0,2.18181818182,2.27764423077,1.81818181818,2.39663461538,0.227272727273,0.552884615385
135,m236,alien,1979,8.5,184471,"['adventure', 'horror', 'sci-fi', 'thriller']",3,1979,13,78748.0,2.33124018838,0.0,2.61067503925,0.0,0.590266875981,0.0
136,m238,all about eve,1950,8.5,35597,['drama'],3,1950,139,42192.0,2.62162162162,2.4229390681,2.61049284579,2.62903225806,0.613672496025,0.612903225806
137,m240,american pie,1999,6.9,107961,"['comedy', 'romance']",2,1999,2311,163651.0,2.27845528455,2.41958041958,2.78455284553,2.53846153846,0.579268292683,0.608391608392
138,m241,an american werewolf in paris,1997,4.9,10158,"['horror', 'romance', 'thriller', 'comedy']",1,1997,7675,118604.0,1.83596214511,1.96551724138,2.09463722397,2.41379310345,0.460567823344,0.48275862069
139,m242,anastasia,1997,6.6,16844,"['animation', 'adventure', 'drama', 'family', 'musical', 'animation', 'family']",3,1997,1218,118617.0,2.36633663366,2.1835443038,2.30693069307,2.23417721519,0.554455445545,0.639240506329
140,m243,annie hall,1977,8.3,66781,"['comedy', 'drama', 'romance']",3,1977,1469,75686.0,2.15553235908,2.33333333333,2.45198329854,2.44086021505,0.535490605428,0.494623655914
141,m245,antz,1998,6.8,37825,"['animation', 'adventure', 'comedy', 'family']",3,1998,8088,120587.0,1.92134831461,2.2380952381,2.31460674157,2.33333333333,0.393258426966,0.489177489177
142,m247,apocalypse now,1979,8.6,176465,"['drama', 'war']",0,1979,2227,78788.0,2.13543599258,2.36363636364,2.41558441558,2.65454545455,0.552875695733,0.8
143,m248,arctic blue,1993,4.8,464,"['action', 'thriller']",1,1993,7055,106303.0,2.58302583026,2.24719101124,2.65682656827,2.59550561798,0.627306273063,0.52808988764
144,m249,as good as it gets,1997,7.8,93201,"['comedy', 'drama', 'romance']",3,1997,936,119822.0,2.20600858369,2.38348082596,2.30472103004,2.58407079646,0.587982832618,0.625368731563
145,m250,assassins,1995,6.0,23681,"['action', 'thriller', 'crime']",1,1995,4640,112401.0,2.15544041451,2.32178217822,2.48186528497,2.30198019802,0.575129533679,0.519801980198
146,m252,a walk to remember,2002,7.1,38751,"['drama', 'romance']",3,2002,5254,281358.0,2.40476190476,1.99230769231,2.5873015873,2.22820512821,0.555555555556,0.515384615385
147,m253,back to the future,1985,8.4,207376,"['adventure', 'family', 'sci-fi']",2,1985,149,88763.0,2.32222222222,1.51851851852,2.40740740741,1.88888888889,0.533333333333,0.351851851852
148,m254,badlands,1973,7.9,16753,"['crime', 'drama', 'romance', 'thriller']",0,1973,269,69762.0,2.07142857143,2.44339622642,2.18367346939,2.69811320755,0.530612244898,0.650943396226
149,m256,barton fink,1991,7.8,33119,"['drama', 'mystery', 'thriller']",1,1991,2315,101410.0,2.19815668203,2.25,2.35253456221,2.30263157895,0.569124423963,0.355263157895
150,m257,basic instinct,1992,6.9,57615,"['mystery', 'romance', 'thriller']",1,1992,4940,103772.0,2.47058823529,2.67391304348,2.64215686275,2.6847826087,0.730392156863,0.652173913043
151,m258,basquiat,1996,6.7,8016,"['biography', 'drama']",2,1996,6074,115632.0,2.06617647059,2.5,2.29901960784,2.33333333333,0.544117647059,0.666666666667
152,m259,batman returns,1992,6.9,79770,"['action', 'crime', 'fantasy', 'thriller', 'animation', 'crime', 'fantasy', 'action', 'thriller']",0,1992,1025,103776.0,2.04,2.5,2.484,2.5,0.532,0.625
153,m261,batman forever,1995,5.4,77223,"['action', 'crime', 'fantasy', 'thriller']",1,1995,1024,112462.0,2.56574923547,2.18181818182,2.64831804281,2.90909090909,0.669724770642,0.363636363636
154,m262,batman,1989,7.6,112731,"['crime', 'drama', 'thriller', 'action', 'adventure', 'crime']",1,1989,1023,96895.0,2.68707482993,2.16666666667,2.8537414966,2.45833333333,0.707482993197,0.416666666667
155,m264,beavis and butt-head do america,1996,6.6,23149,"['animation', 'adventure', 'comedy', 'crime']",1,1996,5493,115641.0,2.27739726027,0.0,2.47945205479,0.0,0.63698630137,0.0
156,m265,beetle juice,1988,7.3,62164,"['comedy', 'fantasy']",3,1988,647,94721.0,2.33604336043,2.30128205128,2.34959349593,2.44230769231,0.569105691057,0.602564102564
157,m266,being there,1979,8.0,25085,"['drama', 'comedy']",2,1979,1699,78841.0,2.25673758865,2.71428571429,2.49078014184,3.19047619048,0.587234042553,0.880952380952
158,m267,being john malkovich,1999,7.9,115008,"['comedy', 'drama', 'fantasy', 'romance']",3,1999,917,120601.0,2.11794871795,2.20833333333,2.40854700855,2.5,0.531623931624,0.708333333333
159,m268,beloved,1998/I,5.6,4014,"['drama', 'mystery']",3,1998,4400,120603.0,2.59420289855,2.32478632479,2.30434782609,2.55128205128,0.623188405797,0.619658119658
160,m271,blade ii,2002,6.6,51826,"['action', 'fantasy', 'horror', 'thriller', 'action', 'adventure', 'horror']",1,2002,2151,187738.0,2.16267942584,0.0,2.52153110048,0.0,0.540669856459,0.0
161,m272,blade,1998,7.0,65885,"['action', 'adventure', 'fantasy', 'horror', 'thriller']",1,1998,42,120611.0,2.10138248848,2.12068965517,2.35023041475,1.81034482759,0.668202764977,0.568965517241
162,m274,blood simple.,1984,7.8,28901,"['crime', 'drama', 'thriller']",1,1984,5731,86979.0,2.18987341772,2.08208955224,2.1835443038,2.55223880597,0.512658227848,0.582089552239
163,m276,blow,2001,7.4,71334,"['biography', 'crime', 'drama']",1,2001,4934,221027.0,2.06291390728,2.49425287356,2.15894039735,2.57471264368,0.534768211921,0.586206896552
164,m277,la battaglia di algeri,1966,8.2,14339,"['drama', 'history', 'war']",1,1966,658,58946.0,1.89393939394,0.0,2.17424242424,0.0,0.598484848485,0.0
165,m278,body of evidence,1993,4.1,6052,"['drama', 'romance', 'thriller']",3,1993,5243,106453.0,2.31911966988,3.66666666667,2.56533700138,4.55555555556,0.636863823934,0.666666666667
166,m281,bound,1996,7.5,23772,"['crime', 'drama', 'thriller']",3,1996,182,115736.0,2.46056782334,2.47709923664,2.62776025237,2.67175572519,0.574132492114,0.519083969466
167,m281,bound,1996,7.5,23772,"['crime', 'drama', 'thriller']",3,2015,6229,4145324.0,2.46056782334,2.47709923664,2.62776025237,2.67175572519,0.574132492114,0.519083969466
168,m283,brazil,1985,8.0,77350,"['drama', 'fantasy', 'sci-fi']",3,1985,880,88846.0,2.03598971722,2.65254237288,2.25449871465,2.83474576271,0.503856041131,0.601694915254
169,m285,broadcast news,1987,7.1,10559,"['comedy', 'drama', 'romance']",3,1987,5310,92699.0,2.589569161,2.40780141844,2.72562358277,2.24468085106,0.673469387755,0.549645390071
170,m286,a bucket of blood,1959,6.8,1892,"['comedy', 'horror']",2,1959,4065,52655.0,2.45019920319,1.77464788732,2.61354581673,2.00469483568,0.633466135458,0.43661971831
171,m287,buffy the vampire slayer,1992,5.3,16206,"['horror', 'comedy', 'action']",3,1992,748,103893.0,1.97196261682,2.28832116788,2.15887850467,2.44708029197,0.560747663551,0.560218978102
172,m289,casino,1995,8.1,111223,"['biography', 'crime', 'drama']",2,1995,2220,112641.0,2.2534992224,2.1393442623,2.43701399689,2.6762295082,0.531881804044,0.606557377049
173,m290,catwoman,2004,3.2,35065,"['action', 'crime', 'fantasy']",3,2004,1027,327554.0,2.18213058419,2.08064516129,2.25773195876,2.45161290323,0.481099656357,0.596774193548
174,m291,cellular,2004,6.5,32920,"['action', 'crime', 'thriller']",3,2004,2921,337921.0,1.95594713656,2.22016460905,2.04845814978,2.33127572016,0.515418502203,0.584362139918
175,m293,charade,1963,8.0,22815,"['comedy', 'mystery', 'romance', 'thriller']",2,1963,1984,56923.0,2.4262295082,2.66666666667,2.63817330211,1.66666666667,0.649882903981,0.8
176,m294,cherry falls,2000,4.8,5669,"['horror', 'mystery', 'thriller']",3,2000,4821,175526.0,2.29326923077,2.27969348659,2.32211538462,2.50574712644,0.509615384615,0.551724137931
177,m296,chinatown,1974,8.5,80698,"['crime', 'drama', 'mystery', 'thriller']",2,1974,2237,71315.0,2.12181818182,2.54952076677,2.42909090909,2.40255591054,0.565454545455,0.546325878594
178,m298,citizen kane,1941,8.6,140517,"['drama', 'mystery']",1,1941,1266,33467.0,2.18571428571,2.33417721519,2.15,2.5746835443,0.528571428571,0.587341772152
179,m299,clerks.,1994,8.0,90972,['comedy'],1,1994,488,109445.0,2.38873499538,2.39901477833,2.55863342567,2.48275862069,0.603878116343,0.600985221675
180,m300,cliffhanger,1993,6.2,34880,"['action', 'adventure', 'thriller']",1,1993,3369,106582.0,2.4118993135,3.21875,2.70938215103,3.71875,0.553775743707,0.9375
181,m301,a clockwork orange,1971,8.5,197372,"['crime', 'drama', 'sci-fi']",1,1971,1039,66921.0,2.39400921659,3.7,2.47004608295,3.8,0.58064516129,1.0
182,m302,collateral,2004,7.8,106866,"['crime', 'drama', 'thriller']",1,2004,2544,369339.0,2.21462264151,2.24025974026,2.48113207547,2.38961038961,0.533018867925,0.590909090909
183,m303,conspiracy theory,1997,6.5,36045,"['action', 'crime', 'mystery', 'romance', 'thriller']",2,1997,318,118883.0,2.68957345972,2.85106382979,2.80331753555,2.81914893617,0.710900473934,0.606382978723
184,m304,contact,1997,7.4,75043,"['drama', 'mystery', 'sci-fi', 'thriller']",3,1997,904,118884.0,2.14516129032,2.22009569378,2.10483870968,2.32535885167,0.370967741935,0.578947368421
185,m305,cool hand luke,1967,8.3,46514,"['crime', 'drama']",1,1967,301,61512.0,2.35379061372,2.19444444444,2.59927797834,2.13888888889,0.657039711191,0.638888888889
186,m306,copycat,1995,6.5,17335,"['crime', 'mystery', 'thriller']",3,1995,2100,112722.0,2.19047619048,2.63260340633,2.46258503401,2.61070559611,0.421768707483,0.652068126521
187,m307,crash,2004/I,8.0,174003,"['crime', 'drama']",3,1996,5551,115964.0,1.90243902439,2.34951456311,2.26829268293,2.58252427184,0.463414634146,0.533980582524
188,m307,crash,2004/I,8.0,174003,"['crime', 'drama']",3,2004,3609,375679.0,1.90243902439,2.34951456311,2.26829268293,2.58252427184,0.463414634146,0.533980582524
189,m312,cruel intentions,1999,6.7,67532,"['drama', 'romance', 'thriller']",3,1999,2617,139134.0,2.40816326531,2.45774647887,2.78571428571,2.47464788732,0.591836734694,0.616901408451
190,m315,dark city,1998,7.8,64262,"['mystery', 'sci-fi', 'thriller']",1,1998,1855,118929.0,2.08612440191,2.125,2.44976076555,3.5,0.511961722488,0.5
191,m316,dave,1993,6.8,20807,"['comedy', 'romance']",3,1993,1133,106673.0,2.67793240557,0.0,2.6421471173,0.0,0.624254473161,0.0
192,m317,day of the dead,1985,7.0,22746,"['horror', 'sci-fi']",0,1985,3802,88993.0,2.22834645669,2.075,2.35433070866,2.35,0.606299212598,0.5875
193,m317,day of the dead,1985,7.0,22746,"['horror', 'sci-fi']",3,2008,3128,489018.0,2.22834645669,2.075,2.35433070866,2.35,0.606299212598,0.5875
194,m318,dead poets society,1989,7.8,90842,['drama'],1,1989,2361,97165.0,2.32563510393,1.41379310345,2.75057736721,1.94827586207,0.637413394919,0.465517241379
195,m321,demolition man,1993,6.3,46318,"['action', 'crime', 'sci-fi']",0,1993,117,106697.0,2.46153846154,1.47058823529,2.91608391608,1.58823529412,0.646853146853,0.352941176471
196,m323,die hard,1988,8.3,185430,"['action', 'crime', 'thriller']",3,1988,619,95016.0,2.39015151515,0.0,2.62121212121,0.0,0.659090909091,0.0
197,m324,dog day afternoon,1975,8.2,61120,"['crime', 'drama']",3,1975,3799,72890.0,2.33108108108,1.79411764706,2.28716216216,3.14705882353,0.581081081081,0.647058823529
198,m325,domino,2005,5.9,32949,"['action', 'crime', 'drama', 'thriller']",3,2005,2292,421054.0,2.84,2.33098591549,2.9,2.70422535211,0.68,0.591549295775
199,m326,do the right thing,1989,7.9,27164,['drama'],2,1989,6594,97216.0,2.28475336323,2.24285714286,2.45515695067,2.62857142857,0.522421524664,0.485714285714
200,m328,dune,1984,6.5,38954,"['action', 'adventure', 'sci-fi']",3,1984,1534,87182.0,2.62337662338,2.31481481481,2.98701298701,2.38888888889,0.681818181818,0.592592592593
201,m328,dune,1984,6.5,38954,"['action', 'adventure', 'sci-fi']",3,2000,4716,142032.0,2.62337662338,2.31481481481,2.98701298701,2.38888888889,0.681818181818,0.592592592593
202,m329,ed wood,1994,8.1,75704,"['biography', 'comedy', 'drama']",3,1994,1920,109707.0,2.424,2.50340136054,2.5408,2.56462585034,0.6448,0.632653061224
203,m330,edtv,1999,6.1,21865,['comedy'],1,1999,5545,131369.0,2.41530054645,2.12820512821,2.6320582878,2.44871794872,0.642987249545,0.474358974359
204,m331,election,1999,7.4,37868,"['comedy', 'drama']",3,1999,867,126886.0,2.32634730539,2.5,2.5748502994,2.25,0.607784431138,0.75
205,m332,l.a. confidential,1997,8.4,168009,"['crime', 'drama', 'mystery', 'thriller']",1,1997,2236,119488.0,2.28614916286,0.0,2.41400304414,0.0,0.537290715373,0.0
206,m333,enemy of the state,1998,7.2,67504,"['action', 'drama', 'thriller']",1,1998,4955,120660.0,2.36511627907,2.22222222222,2.45930232558,3.44444444444,0.574418604651,1.0
207,m336,erin brockovich,2000,7.2,55641,"['biography', 'drama', 'romance']",3,2000,452,195685.0,2.00298507463,2.22613065327,2.34925373134,2.52763819095,0.629850746269,0.600502512563
208,m338,escape from the planet of the apes,1971,6.1,7754,"['sci-fi', 'thriller']",1,1971,2893,67065.0,1.65853658537,2.0,2.43902439024,2.0,0.609756097561,0.888888888889
209,m339,escape from l.a.,1996,5.3,23551,"['action', 'adventure', 'sci-fi', 'thriller']",1,1996,1428,116225.0,2.4243697479,2.36363636364,2.6974789916,1.45454545455,0.714285714286,0.272727272727
210,m343,face/off,1997,7.3,103386,"['action', 'crime', 'drama', 'sci-fi', 'thriller']",1,1997,5329,119094.0,2.08933717579,0.0,2.52449567723,0.0,0.564841498559,0.0
211,m346,fantastic voyage,1966,6.8,5231,"['adventure', 'sci-fi']",0,1966,2625,60397.0,2.14473684211,2.27551020408,2.47039473684,2.78571428571,0.532894736842,0.632653061224
212,m347,fargo,1996,8.3,168176,"['crime', 'drama', 'thriller']",2,1996,1852,116282.0,2.27833001988,2.2,2.6282306163,2.27804878049,0.580516898608,0.6
213,m348,fight club,1999,8.8,391697,"['crime', 'drama', 'mystery', 'thriller']",1,1999,210,137523.0,2.11481975968,2.86666666667,2.31642189586,3.03333333333,0.536715620828,0.533333333333
214,m349,final destination 2,2003,6.4,36312,"['horror', 'thriller']",3,2003,2821,309593.0,1.43333333333,2.29777777778,2.66666666667,2.42666666667,0.366666666667,0.546666666667
215,m350,final destination,2000,6.8,53422,"['horror', 'thriller']",1,2000,4557,195714.0,2.26618705036,0.0,2.43884892086,0.0,0.496402877698,0.0
216,m351,rambo: first blood part ii,1985,5.8,39147,"['action', 'adventure', 'thriller']",0,1985,6840,89880.0,2.37229437229,2.16,2.54978354978,2.4,0.580086580087,0.62
217,m353,five easy pieces,1970,7.5,11969,['drama'],3,1970,2984,65724.0,2.38253638254,1.74074074074,2.63825363825,1.96296296296,0.673596673597,0.37037037037
218,m355,fletch,1985,6.7,17336,"['comedy', 'crime', 'mystery']",1,1985,1832,89155.0,2.53246753247,2.03846153846,2.43434343434,3.61538461538,0.607503607504,0.576923076923
219,m359,friday the 13th part iii,1982,5.1,11718,['horror'],3,1982,4573,83972.0,2.35344827586,2.91025641026,2.08620689655,2.75641025641,0.48275862069,0.858974358974
220,m362,friday the 13th part viii: jason takes manhattan,1989,3.9,10288,['horror'],3,1989,6675,97388.0,2.12195121951,2.45714285714,2.67479674797,3.07619047619,0.593495934959,0.714285714286
221,m365,gattaca,1997,7.8,72063,"['drama', 'romance', 'sci-fi', 'thriller']",1,1997,77,119177.0,2.39603960396,1.8961038961,2.67326732673,2.07792207792,0.587458745875,0.402597402597
222,m367,get carter,2000,4.8,14319,"['action', 'crime', 'drama', 'thriller']",1,1971,7518,67128.0,2.31578947368,2.71153846154,2.38277511962,3.44230769231,0.564593301435,0.923076923077
223,m368,glengarry glen ross,1992,7.9,32882,['drama'],0,1992,450,104348.0,2.14639397201,0.0,2.46393972013,0.0,0.579117330463,0.0
224,m371,gone in sixty seconds,2000,6.0,74474,"['action', 'crime', 'thriller']",1,2000,2917,187078.0,2.26113671275,0.0,2.55145929339,0.0,0.568356374808,0.0
225,m372,goodfellas,1990,8.8,234582,"['crime', 'drama', 'thriller']",3,1990,2211,99685.0,2.04119850187,2.46153846154,2.2734082397,3.26923076923,0.524344569288,1.03846153846
226,m373,good will hunting,1997,8.1,154419,['drama'],0,1997,623,119217.0,2.23511904762,2.52657004831,2.39285714286,2.56038647343,0.547619047619,0.632850241546
227,m375,grosse pointe blank,1997,7.4,41877,"['comedy', 'crime', 'romance', 'thriller']",3,1997,1000,119229.0,2.43548387097,1.94117647059,2.75806451613,2.45454545455,0.713709677419,0.524064171123
228,m377,hackers,1995,5.8,27009,"['action', 'crime', 'drama', 'thriller']",2,1995,97,113243.0,2.08,2.66896551724,2.61090909091,2.42068965517,0.621818181818,0.648275862069
229,m379,halloween,1978,7.9,64690,"['horror', 'thriller']",3,1978,2815,77651.0,2.06578947368,2.38683127572,2.25,2.53086419753,0.565789473684,0.711934156379
230,m379,halloween,1978,7.9,64690,"['horror', 'thriller']",3,2007,3655,373883.0,2.06578947368,2.38683127572,2.25,2.53086419753,0.565789473684,0.711934156379
231,m379,halloween,1978,7.9,64690,"['horror', 'thriller']",3,2018,8452,1502407.0,2.06578947368,2.38683127572,2.25,2.53086419753,0.565789473684,0.711934156379
232,m380,hannah and her sisters,1986,7.9,21088,"['comedy', 'drama', 'romance']",3,1986,1017,91167.0,2.43273542601,2.48895899054,2.60538116592,2.69716088328,0.567264573991,0.6261829653
233,m381,hannibal,2001,6.4,75788,"['crime', 'thriller']",3,2001,4210,212985.0,2.47358490566,1.83211678832,2.58679245283,2.07299270073,0.639622641509,0.452554744526
234,m381,hannibal,2001,6.4,75788,"['crime', 'thriller']",3,2012,4190,2243973.0,2.47358490566,1.83211678832,2.58679245283,2.07299270073,0.639622641509,0.452554744526
235,m383,heathers,1989,7.3,25236,"['comedy', 'crime']",3,1988,859,97493.0,2.48550724638,2.21476510067,2.71739130435,2.35570469799,0.532608695652,0.624161073826
236,m384,heavenly creatures,1994,7.6,27211,"['crime', 'drama', 'fantasy', 'thriller']",3,1994,567,110005.0,3.60975609756,2.3313253012,2.87804878049,2.28313253012,0.829268292683,0.518072289157
237,m386,hero,1992/I,6.3,10573,"['comedy', 'drama']",1,1992,4999,104412.0,2.6976744186,2.15555555556,2.81976744186,2.86666666667,0.622093023256,0.777777777778
238,m391,house on haunted hill,1999,5.3,23127,"['horror', 'mystery', 'thriller']",3,1959,4373,51744.0,2.20365535248,2.95698924731,2.42558746736,2.89247311828,0.566579634465,0.903225806452
239,m393,hellraiser iii: hell on earth,1992,5.1,7716,['horror'],3,1992,6397,104409.0,1.8679245283,2.01459854015,2.41509433962,2.45255474453,0.61320754717,0.489051094891
240,m394,hudson hawk,1991,5.4,22116,"['action', 'adventure', 'comedy', 'action', 'adventure', 'comedy', 'crime']",3,1991,3544,102070.0,2.35546875,2.05223880597,2.390625,2.57462686567,0.578125,0.537313432836
241,m396,i walked with a zombie,1943,7.3,3420,['horror'],3,1943,1955,36027.0,2.65909090909,2.33992094862,2.56818181818,2.37549407115,0.886363636364,0.577075098814
242,m398,insomnia,2002/I,7.3,69635,"['crime', 'drama', 'mystery', 'thriller']",1,2002,121,278504.0,2.46153846154,1.90070921986,2.62937062937,2.05673758865,0.671328671329,0.503546099291
243,m400,i still know what you did last summer,1998,4.1,23543,"['horror', 'mystery', 'thriller']",3,1998,5844,130018.0,1.6625,1.9222614841,2.0,2.27208480565,0.45,0.505300353357
244,m401,isle of the dead,1945,6.6,1405,"['drama', 'horror', 'mystery', 'thriller']",3,1945,2004,37820.0,2.01086956522,1.89108910891,2.3152173913,2.36633663366,0.505434782609,0.485148514851
245,m403,jaws 2,1978,5.6,18995,['thriller'],2,1978,7223,77766.0,2.51103565365,2.5873015873,2.61969439728,2.39682539683,0.665534804754,0.650793650794
246,m404,jaws 3-d,1983,3.3,12839,['thriller'],3,1983,7243,85750.0,2.26582278481,2.41131105398,2.70253164557,2.36503856041,0.493670886076,0.511568123393
247,m405,jaws: the revenge,1987,2.6,15727,['thriller'],3,1987,6920,93300.0,2.28873239437,2.33815028902,2.61971830986,2.61271676301,0.665492957746,0.537572254335
248,m408,jerry maguire,1996,7.3,79706,"['comedy', 'drama', 'romance', 'sport']",2,1996,8008,116695.0,2.29692832765,2.00714285714,2.46757679181,2.13571428571,0.515358361775,0.510714285714
249,m409,jurassic park iii,2001,5.7,62564,"['action', 'adventure', 'sci-fi', 'thriller']",2,2001,6333,163025.0,2.21582733813,1.94557823129,2.34532374101,2.06802721088,0.525179856115,0.489795918367
250,m411,jurassic park,1993,7.9,153737,"['action', 'adventure', 'family', 'sci-fi', 'action', 'adventure', 'fantasy', 'sci-fi']",3,1993,109,107290.0,2.22292993631,2.16,2.42038216561,2.12888888889,0.5,0.475555555556
251,m412,freddy vs. jason,2003,5.8,39850,"['horror', 'thriller']",3,2003,8242,329101.0,3.07692307692,2.40601503759,2.46153846154,2.63909774436,0.538461538462,0.496240601504
252,m414,king kong,2005,7.6,134187,"['adventure', 'drama', 'romance']",0,1933,2229,24216.0,2.46153846154,2.29487179487,2.83076923077,2.34615384615,0.861538461538,0.679487179487
253,m414,king kong,2005,7.6,134187,"['adventure', 'drama', 'romance']",0,2005,706,360717.0,2.46153846154,2.29487179487,2.83076923077,2.34615384615,0.861538461538,0.679487179487
254,m415,klute,1971,7.2,6901,"['mystery', 'romance', 'thriller']",3,1971,6804,67309.0,1.96062992126,2.34328358209,2.30708661417,2.55820895522,0.433070866142,0.585074626866
255,m416,kramer vs. kramer,1979,7.7,25836,['drama'],1,1979,7645,79417.0,2.30097087379,2.4748603352,2.45145631068,2.54189944134,0.587378640777,0.692737430168
256,m421,leviathan,1989,5.3,4751,"['adventure', 'horror', 'mystery', 'sci-fi', 'thriller']",3,1989,3932,97737.0,2.42042042042,0.0,2.58258258258,0.0,0.567567567568,0.0
257,m421,leviathan,1989,5.3,4751,"['adventure', 'horror', 'mystery', 'sci-fi', 'thriller']",3,2014,5978,2802154.0,2.42042042042,0.0,2.58258258258,0.0,0.567567567568,0.0
258,m422,"lock, stock and two smoking barrels",1998,8.2,129117,"['crime', 'thriller']",1,1998,1668,120735.0,2.1961852861,2.76086956522,2.3378746594,2.32608695652,0.547683923706,0.434782608696
259,m423,lone star,1996,7.6,14666,"['drama', 'mystery', 'romance', 'western']",2,1996,5295,116905.0,2.15761821366,2.00638977636,2.50262697023,2.23642172524,0.583187390543,0.476038338658
260,m425,lost in translation,2003,7.9,132645,"['drama', 'romance']",3,2003,1041,335266.0,2.18819188192,2.47368421053,2.50922509225,2.66666666667,0.553505535055,0.666666666667
261,m428,magnolia,1999,8.0,123476,['drama'],1,1999,2346,175880.0,2.43564356436,2.35294117647,2.50618811881,2.48692810458,0.618811881188,0.598039215686
262,m431,manhunter,1986,7.2,21649,"['crime', 'thriller']",1,1986,6298,91474.0,2.08049535604,2.71428571429,2.32043343653,3.5,0.506191950464,0.535714285714
263,m432,man on the moon,1999,7.4,49915,"['biography', 'comedy', 'drama']",1,1999,5305,125664.0,2.3216374269,2.15384615385,2.69883040936,2.15384615385,0.517543859649,0.615384615385
264,m435,meet joe black,1998,6.9,56839,"['drama', 'fantasy', 'mystery', 'romance']",1,1998,7646,119643.0,2.35062006764,2.43961352657,2.43179255919,2.59420289855,0.576099210823,0.608695652174
265,m436,memento,2000,8.7,281027,"['crime', 'drama', 'mystery', 'thriller']",1,2000,52,209144.0,2.42477876106,0.0,2.65265486726,0.0,0.601769911504,0.0
266,m438,midnight cowboy,1969,8.0,34405,['drama'],1,1969,3406,64665.0,1.99183673469,2.0,1.95102040816,2.0,0.448979591837,0.666666666667
267,m439,midnight express,1978,7.6,24103,"['biography', 'crime', 'drama', 'thriller']",0,1978,3419,77928.0,2.33333333333,1.88679245283,2.52380952381,2.77358490566,0.561904761905,0.584905660377
268,m441,misery,1990,7.8,41563,['thriller'],1,1990,459,100157.0,2.38383838384,2.47474747475,2.52525252525,2.32323232323,0.626262626263,0.703703703704
269,m442,mission: impossible ii,2000,5.7,86452,"['action', 'adventure', 'thriller']",0,2000,5605,120755.0,2.29438202247,2.63636363636,2.7595505618,2.18181818182,0.61797752809,0.636363636364
270,m443,mission: impossible,1996,6.9,87677,"['action', 'adventure', 'thriller']",1,1996,445,117060.0,2.38988095238,1.8640776699,2.5744047619,2.12621359223,0.550595238095,0.621359223301
271,m444,moonstruck,1987,7.1,15879,"['comedy', 'romance', 'drama']",3,1987,2744,93565.0,2.20075757576,2.3144963145,2.54166666667,2.46191646192,0.590909090909,0.63144963145
272,m445,monty python and the holy grail,1975,8.4,157683,"['adventure', 'comedy']",2,1975,1839,71853.0,2.20675105485,1.32258064516,2.45991561181,1.77419354839,0.575949367089,0.129032258065
273,m448,mulholland dr.,2001,8.0,105859,"['drama', 'mystery', 'thriller']",3,2001,568,166924.0,2.54,2.16582914573,2.68666666667,2.2864321608,0.66,0.472361809045
274,m451,my girl,1991,6.4,17967,"['comedy', 'drama', 'family', 'romance']",3,1991,5265,102492.0,2.24852071006,1.92307692308,2.47731755424,2.58741258741,0.546351084813,0.538461538462
275,m453,nashville,1975,7.7,9315,"['drama', 'music']",3,1975,4517,73440.0,2.50909090909,2.28235294118,2.60363636364,2.49411764706,0.585454545455,0.694117647059
276,m454,natural born killers,1994,7.1,73047,"['action', 'crime', 'drama', 'romance', 'thriller']",3,1994,5459,110632.0,2.33021806854,2.92307692308,2.50778816199,3.32967032967,0.489096573209,0.648351648352
277,m458,never been kissed,1999,5.7,27409,"['comedy', 'drama', 'romance']",3,1999,3269,151738.0,2.265625,2.15088757396,2.53125,2.34615384615,0.5859375,0.51775147929
278,m461,a nightmare on elm street 3: dream warriors,1987,6.3,17734,"['fantasy', 'horror', 'thriller']",3,1987,5767,93629.0,2.38383838384,2.23333333333,2.72727272727,2.32083333333,0.585858585859,0.575
279,m462,notting hill,1999,6.9,67217,"['comedy', 'romance']",3,1999,3495,125439.0,2.14814814815,2.60824742268,2.32592592593,2.67525773196,0.559259259259,0.634020618557
280,m465,on the waterfront,1954,8.4,42010,"['crime', 'drama', 'romance']",0,1954,1812,47296.0,2.32664756447,2.47619047619,2.50429799427,2.54578754579,0.561604584527,0.626373626374
281,m467,out of sight,1998,7.2,38595,"['comedy', 'crime', 'romance', 'thriller']",2,1998,2247,120780.0,2.30778894472,2.4387755102,2.38819095477,2.59693877551,0.541457286432,0.581632653061
282,m468,pearl harbor,2001,5.4,97519,"['action', 'drama', 'romance', 'war']",2,2001,2675,213149.0,2.2358490566,3.15833333333,2.5,3.30833333333,0.528301886792,0.825
283,m469,peggy sue got married,1986,6.3,12574,"['comedy', 'drama', 'fantasy', 'romance']",3,1986,2070,91738.0,2.1693989071,2.22727272727,2.39617486339,2.40340909091,0.595628415301,0.596590909091
284,m471,philadelphia,1993,7.6,54221,['drama'],2,1993,5919,107818.0,2.18725868726,7.10714285714,2.54054054054,4.64285714286,0.569498069498,2.39285714286
285,m472,pitch black,2000,7.0,55982,"['action', 'sci-fi', 'thriller']",3,2000,319,134847.0,2.60483870968,2.33647798742,3.00806451613,2.54402515723,0.677419354839,0.650943396226
286,m473,planet of the apes,2001,5.5,73596,"['action', 'adventure', 'sci-fi', 'thriller', 'animation', 'action', 'adventure', 'sci-fi']",1,1968,599,63442.0,2.31971153846,0.0,2.54326923077,0.0,0.576923076923,0.0
287,m473,planet of the apes,2001,5.5,73596,"['action', 'adventure', 'sci-fi', 'thriller', 'animation', 'action', 'adventure', 'sci-fi']",3,2001,6218,133152.0,2.31971153846,0.0,2.54326923077,0.0,0.576923076923,0.0
288,m474,platoon,1986,8.2,110867,"['action', 'drama', 'war']",0,1986,3558,91763.0,2.54854368932,2.31818181818,2.83495145631,3.59090909091,0.621359223301,0.454545454545
289,m477,point break,1991,6.9,37722,"['action', 'adventure', 'crime', 'drama', 'sport', 'thriller']",0,1991,512,102685.0,2.62343096234,2.41071428571,2.89121338912,2.375,0.694560669456,0.535714285714
290,m477,point break,1991,6.9,37722,"['action', 'adventure', 'crime', 'drama', 'sport', 'thriller']",0,2015,6632,2058673.0,2.62343096234,2.41071428571,2.89121338912,2.375,0.694560669456,0.535714285714
291,m478,predator,1987,7.8,90730,"['action', 'adventure', 'sci-fi', 'thriller']",0,1987,1928,93773.0,1.75238095238,0.0,2.09523809524,0.0,0.342857142857,0.0
292,m479,pretty woman,1990,6.7,61642,"['comedy', 'romance']",3,1990,2156,100405.0,2.09205776173,2.175,2.3844765343,2.675,0.601083032491,0.4875
293,m482,psycho,1960,8.7,146915,"['drama', 'horror', 'mystery', 'thriller', 'thriller']",1,1960,2039,54215.0,2.5,2.35326086957,2.4380952381,2.32880434783,0.552380952381,0.551630434783
294,m483,maniac,1980,6.2,3382,"['drama', 'horror', 'thriller']",3,1934,4702,25465.0,1.71111111111,2.15384615385,2.15555555556,3.30769230769,0.466666666667,0.346153846154
295,m483,maniac,1980,6.2,3382,"['drama', 'horror', 'thriller']",3,1980,8402,81114.0,1.71111111111,2.15384615385,2.15555555556,3.30769230769,0.466666666667,0.346153846154
296,m484,vampyr,1932,7.6,4005,"['fantasy', 'horror']",3,1932,5910,23649.0,2.11764705882,3.0,2.58823529412,2.86666666667,0.705882352941,0.733333333333
297,m489,star wars: episode vi - return of the jedi,1983,8.3,215058,"['action', 'adventure', 'fantasy', 'sci-fi']",1,1983,671,86190.0,2.06363636364,2.41463414634,2.09545454545,2.58536585366,0.527272727273,0.512195121951
298,m491,rocky,1976,8.1,100022,"['drama', 'romance', 'sport']",1,1976,2267,75148.0,2.69369369369,2.42201834862,2.6509009009,2.53211009174,0.666666666667,0.669724770642
299,m492,who framed roger rabbit,1988,7.6,54375,"['animation', 'comedy', 'crime', 'family', 'fantasy', 'mystery', 'animation', 'adventure', 'action', 'fantasy']",1,1988,136,96438.0,2.51145038168,2.72631578947,2.82824427481,2.8,0.618320610687,0.6
300,m493,romeo and juliet,1968/I,7.8,12360,"['drama', 'romance']",3,1936,4069,28203.0,2.10236220472,2.54189944134,2.40157480315,2.64245810056,0.59842519685,0.525139664804
301,m493,romeo and juliet,1968/I,7.8,12360,"['drama', 'romance']",3,1968,1249,63518.0,2.10236220472,2.54189944134,2.40157480315,2.64245810056,0.59842519685,0.525139664804
302,m494,ronin,1998,7.2,58201,"['action', 'crime', 'thriller']",1,1998,6339,122690.0,2.4200477327,2.52592592593,2.56085918854,2.75555555556,0.589498806683,0.666666666667
303,m496,rush hour 2,2001,6.5,52716,"['action', 'comedy', 'crime', 'thriller']",0,2001,7493,266915.0,2.30879345603,2.65789473684,2.54396728016,2.65789473684,0.570552147239,0.684210526316
304,m497,rush hour,1998,6.8,56376,"['action', 'comedy', 'thriller', 'crime']",3,1998,1392,120812.0,2.28615384615,0.0,2.21538461538,0.0,0.646153846154,0.0
305,m499,sleepless in seattle,1993,6.6,44179,"['comedy', 'romance', 'drama']",2,1993,556,108160.0,2.38202247191,2.52989130435,2.4606741573,2.625,0.621722846442,0.665760869565
306,m500,salt of the earth,1954,7.6,1085,"['drama', 'history']",3,1954,5356,47443.0,1.94117647059,3.04242424242,2.75490196078,3.0,0.529411764706,0.757575757576
307,m502,saving private ryan,1998,8.5,275666,"['action', 'drama', 'history', 'war']",0,1998,1090,120815.0,2.13664596273,0.0,2.51345755694,0.0,0.573498964803,0.0
308,m503,say anything...,1989,7.5,25220,"['comedy', 'drama', 'romance']",2,1989,4270,98258.0,2.30508474576,2.39478957916,2.44632768362,2.5751503006,0.581920903955,0.585170340681
309,m505,scream 2,1997,5.9,48988,"['horror', 'mystery', 'thriller']",3,1997,4643,120082.0,2.26217228464,1.7641509434,2.31086142322,2.25471698113,0.438202247191,0.528301886792
310,m506,scream 3,2000,5.3,38870,"['horror', 'mystery', 'thriller']",3,2000,4644,134084.0,2.15942028986,2.2,2.53260869565,2.34545454545,0.525362318841,0.569696969697
311,m507,scream,1996/I,7.2,92543,"['crime', 'horror', 'mystery', 'thriller']",3,1996,649,117571.0,2.01707317073,2.17434210526,2.38048780488,2.47697368421,0.59512195122,0.588815789474
312,m511,shakespeare in love,1998,7.4,78654,"['comedy', 'drama', 'romance']",3,1998,1926,138097.0,2.11538461538,2.62761506276,2.49112426036,2.56066945607,0.565088757396,0.619246861925
313,m516,sister act,1992,5.9,25196,"['comedy', 'crime', 'music']",3,1992,1352,105417.0,2.27882960413,2.36,2.46127366609,2.52571428571,0.581755593804,0.537142857143
314,m517,sleepy hollow,1999,7.5,108951,"['fantasy', 'mystery', 'thriller']",3,1999,124,162661.0,2.10765550239,2.625,2.3014354067,2.40625,0.535885167464,0.5
315,m522,some like it hot,1959,8.4,68749,['comedy'],3,1959,2023,53291.0,2.28119001919,2.5652173913,2.45297504798,2.13043478261,0.535508637236,0.565217391304
316,m528,sphere,1998,5.6,31924,"['drama', 'horror', 'mystery', 'sci-fi', 'thriller']",1,1998,446,120184.0,2.26141732283,2.53086419753,2.57637795276,2.90617283951,0.570078740157,0.681481481481
317,m529,star wars,1977,8.8,326619,"['action', 'adventure', 'fantasy', 'sci-fi']",1,1977,669,76759.0,2.44705882353,2.08333333333,2.4862745098,3.22222222222,0.650980392157,0.416666666667
318,m530,starship troopers,1997,7.1,84874,"['action', 'adventure', 'sci-fi', 'thriller']",3,1997,107,120201.0,2.14537444934,2.16949152542,2.42290748899,2.35593220339,0.568281938326,0.491525423729
319,m531,star trek: the motion picture,1979,6.2,25723,"['adventure', 'fantasy', 'mystery', 'sci-fi']",1,1979,1300,79945.0,2.19805194805,2.15789473684,2.30844155844,1.94736842105,0.558441558442,0.368421052632
320,m533,stepmom,1998,6.2,18714,"['comedy', 'drama']",3,1998,1553,120686.0,2.01659751037,2.04464285714,2.48547717842,2.44464285714,0.485477178423,0.566071428571
321,m536,dr. strangelove or: how i learned to stop worrying and love the bomb,1964,8.6,158529,"['comedy', 'drama']",0,1964,341,57012.0,1.90909090909,3.14705882353,2.29924242424,2.92647058824,0.471590909091,0.75
322,m539,sunset blvd.,1950,8.7,55994,"['drama', 'film-noir']",1,1950,608,43014.0,2.15862068966,2.27232142857,2.39540229885,2.62946428571,0.551724137931,0.53125
323,m540,supergirl,1984,4.1,6576,"['action', 'adventure', 'sci-fi']",3,1984,2000,88206.0,2.23886639676,2.20888888889,2.17813765182,2.36,0.493927125506,0.537777777778
324,m541,superman iii,1983,4.7,18340,"['action', 'adventure', 'comedy', 'fantasy', 'sci-fi']",3,1983,4283,86393.0,2.21065989848,2.26666666667,2.54822335025,2.56666666667,0.532994923858,0.477777777778
325,m542,superman ii,1980,6.7,29941,"['action', 'adventure', 'fantasy', 'romance', 'sci-fi']",3,1980,4282,81573.0,2.38938053097,2.50537634409,2.47787610619,2.51612903226,0.58407079646,0.655913978495
326,m543,superman iv: the quest for peace,1987,3.4,15332,"['action', 'adventure', 'family', 'fantasy', 'sci-fi']",3,1987,4297,94074.0,2.29441624365,2.0,2.28426395939,2.22727272727,0.675126903553,0.340909090909
327,m544,superman,1978,7.3,51172,"['action', 'family', 'sci-fi']",1,1978,1999,78346.0,2.4752851711,2.39473684211,2.52091254753,2.77894736842,0.631178707224,0.536842105263
328,m546,sweet smell of success,1957,8.2,9014,"['drama', 'film-noir']",1,1957,2301,51036.0,2.37765957447,2.36448598131,2.48936170213,2.67289719626,0.518617021277,0.654205607477
329,m571,thx 1138,1971,6.8,15741,"['drama', 'mystery', 'sci-fi', 'thriller']",0,1971,626,66434.0,3.0,2.3007518797,2.74285714286,2.2030075188,0.742857142857,0.601503759398
330,m574,titanic,1997,7.4,244771,"['drama', 'history', 'romance']",3,1997,345,120338.0,2.29411764706,1.825,2.64705882353,1.975,0.563025210084,0.425
331,m576,tombstone,1993,7.7,44204,"['action', 'drama', 'history', 'romance', 'western']",3,1993,3180,108358.0,2.14360313316,2.42446043165,2.39947780679,2.48201438849,0.532637075718,0.41726618705
332,m579,toy story,1995,8.2,156231,"['animation', 'adventure', 'comedy', 'family', 'fantasy']",1,1995,87,114709.0,2.45454545455,2.58823529412,2.42337662338,2.58823529412,0.511688311688,0.294117647059
333,m581,traffic,2000,7.8,86662,"['crime', 'drama', 'thriller']",3,2000,7929,181865.0,2.60383386581,2.01734104046,2.52396166134,2.15028901734,0.696485623003,0.491329479769
334,m582,trainspotting,1996,8.2,153782,"['crime', 'drama']",2,1996,137,117951.0,1.98701298701,2.48201438849,2.16883116883,2.90647482014,0.636363636364,0.669064748201
335,m583,star trek v: the final frontier,1989,5.0,20749,"['action', 'adventure', 'sci-fi', 'thriller']",1,1989,1201,98382.0,2.15454545455,2.93939393939,2.56666666667,2.21212121212,0.463636363636,0.636363636364
336,m584,tron,1982,6.7,25903,"['action', 'adventure', 'sci-fi', 'thriller', 'sci-fi']",0,1982,1002,84827.0,2.08783783784,2.60869565217,2.31418918919,2.91304347826,0.587837837838,0.434782608696
337,m585,true lies,1994,7.2,81801,"['action', 'thriller']",3,1994,1098,111503.0,2.64623955432,2.35114503817,2.79944289694,2.49618320611,0.66295264624,0.595419847328
338,m586,true romance,1993,7.9,74762,"['crime', 'romance', 'thriller']",1,1993,6349,108399.0,2.35117773019,2.49387755102,2.60599571734,2.36734693878,0.648822269807,0.616326530612
339,m587,twelve monkeys,1995,8.1,173320,"['mystery', 'sci-fi', 'thriller']",1,1995,2864,114746.0,2.41471571906,1.88888888889,2.59866220736,2.88888888889,0.672240802676,0.62962962963
340,m590,unbreakable,2000,7.3,98767,"['drama', 'fantasy', 'mystery', 'thriller']",0,2000,1114,217869.0,2.69433962264,1.90909090909,2.51698113208,2.36363636364,0.588679245283,0.272727272727
341,m591,unforgiven,1992,8.3,101270,"['drama', 'western']",3,1992,7006,105695.0,2.60393873085,1.97297297297,2.64551422319,2.25225225225,0.599562363239,0.396396396396
342,m594,vertigo,1958,8.6,93524,"['crime', 'mystery', 'romance', 'thriller']",1,1958,609,52357.0,2.13333333333,2.18383518225,2.15555555556,2.28684627575,0.444444444444,0.54675118859
343,m601,what lies beneath,2000,6.5,46195,"['drama', 'horror', 'mystery', 'thriller']",3,2000,1071,161081.0,0.0,2.18209408194,0.0,2.37632776935,0.0,0.509863429439
344,m602,what women want,2000,6.3,55269,"['comedy', 'fantasy', 'romance']",1,2000,1083,207201.0,0.0,1.5,0.0,2.66666666667,0.0,0.333333333333
345,m606,wild things,1998,6.6,40523,"['crime', 'mystery', 'thriller']",3,1998,4752,120890.0,2.51121076233,2.18181818182,2.36322869955,2.5979020979,0.605381165919,0.524475524476
346,m607,wild wild west,1999,4.3,54943,"['action', 'western', 'comedy', 'sci-fi']",2,1999,1134,120891.0,2.38571428571,1.52380952381,2.28571428571,1.95238095238,0.592857142857,0.5
347,m608,willow,1988,7.1,33506,"['action', 'adventure', 'drama', 'fantasy', 'romance']",3,1988,739,96446.0,2.43961352657,1.92307692308,2.65700483092,2.12087912088,0.671497584541,0.43956043956
348,m609,witness,1985,7.6,30705,"['drama', 'romance', 'thriller']",3,1985,5632,90329.0,2.50961538462,1.97777777778,2.59935897436,2.84444444444,0.628205128205,0.511111111111
349,m612,watchmen,2009,7.8,135229,"['action', 'crime', 'fantasy', 'mystery', 'sci-fi', 'thriller']",3,2009,358,409459.0,2.31561461794,2.78787878788,2.63122923588,2.60606060606,0.56146179402,0.742424242424
350,m613,xxx,2002,5.6,53505,"['action', 'adventure', 'crime']",1,2002,2268,295701.0,2.19771863118,2.52348993289,2.58174904943,2.38926174497,0.650190114068,0.48322147651
351,m614,x-men,2000,7.4,122149,"['action', 'sci-fi']",1,2000,101,120903.0,2.29545454545,1.83720930233,2.73484848485,2.76744186047,0.545454545455,0.558139534884
352,m615,young frankenstein,1974,8.0,57618,"['comedy', 'sci-fi']",2,1974,1077,72431.0,2.2049689441,2.45161290323,2.58799171843,3.30107526882,0.606625258799,0.569892473118
